,hf_idx
0,2
1,3
2,4
3,5
4,6
5,7
6,8
7,9
8,10
9,11
10,12
11,14
12,15
13,16
14,17
15,18
16,19
17,23
18,24
19,25
20,26
21,27
22,30
23,31
24,32
25,33
26,34
27,35
28,36
29,37
30,38
31,39
32,40
33,41
34,42
35,43
36,44
37,45
38,46
39,47
40,48
41,50
42,51
43,52
44,53
45,54
46,55
47,56
48,57
49,58
50,59
51,60
52,63
53,64
54,65
55,66
56,67
57,68
58,69
59,70
60,71
61,72
62,73
63,74
64,75
65,76
66,77
67,78
68,79
69,80
70,81
71,82
72,83
73,84
74,85
75,86
76,87
77,89
78,90
79,91
80,92
81,94
82,95
83,96
84,97
85,98
86,99
87,100
88,101
89,102
90,103
91,104
92,105
93,107
94,108
95,109
96,111
97,112
98,113
99,114
100,115
101,116
102,118
103,119
104,120
105,121
106,123
107,124
108,125
109,126
110,127
111,128
112,129
113,130
114,131
115,132
116,133
117,134
118,135
119,136
120,137
121,138
122,139
123,140
124,141
125,142
126,143
127,144
128,145
129,146
130,147
131,148
132,149
133,150
134,151
135,152
136,153
137,154
138,155
139,156
140,157
141,158
142,159
143,160
144,163
145,164
146,165
147,166
148,167
149,168
150,169
151,170
152,171
153,172
154,173
155,174
156,175
157,176
158,177
159,178
160,179
161,180
162,181
163,182
164,183
165,184
166,185
167,186
168,187
169,188
170,189
171,190
172,191
173,192
174,194
175,195
176,196
177,197
178,198
179,199
180,200
181,201
182,202
183,203
184,204
185,205
186,206
187,207
188,208
189,216
190,234
191,235
192,238
193,239
194,240
195,241
196,242
197,243
198,244
199,245
200,246
201,247
202,248
203,249
204,250
205,251
206,252
207,253
208,254
209,255
210,256
211,257
212,258
213,259
214,260
215,261
216,262
217,263
218,264
219,265
220,266
221,267
222,268
223,269
224,270
225,271
226,272
227,273
228,274
229,275
230,276
231,277
232,278
233,279
234,280
235,282
236,283
237,284
238,285
239,286
240,287
241,288
242,289
243,290
244,291
245,292
246,293
247,294
248,295
249,296
250,297
251,298
252,299
253,300
254,301
255,302
256,303
257,304
258,305
259,306
260,307
261,308
262,310
263,311
264,312
265,313
266,314
267,315
268,316
269,317
270,318
271,319
272,320
273,321
274,322
275,323
276,324
277,325
278,326
279,327
280,328
281,329
282,330
283,331
284,332
285,333
286,334
287,335
288,336
289,337
290,338
291,340
292,341
293,342
294,343
295,344
296,345
297,346
298,347
299,348
300,349
301,350
302,351
303,352
304,353
305,354
306,355
307,356
308,357
309,358
310,359
311,360
312,361
313,362
314,363
315,364
316,365
317,366
318,367
319,368
320,369
321,370
322,371
323,372
324,373
325,374
326,375
327,376
328,377
329,378
330,379
331,380
332,381
333,382
334,383
335,384
336,385
337,386
338,387
339,388
340,389
341,390
342,391
343,392
344,393
345,394
346,395
347,396
348,397
349,398
350,399
351,400
352,401
353,402
354,403
355,404
356,405
357,406
358,407
359,408
360,409
361,410
362,411
363,412
364,413
365,414
366,415
367,416
368,417
369,418
370,419
371,420
372,421
373,422
374,423
375,424
376,425
377,426
378,427
379,428
380,429
381,430
382,431
383,432
384,433
385,434
386,435
387,436
388,437
389,438
390,440
391,443
392,444
393,445
394,446
395,447
396,448
397,449
398,450
399,451
400,452
401,453
402,454
403,455
404,456
405,457
406,458
407,459
408,460
409,461
410,464
411,465
412,466
413,467
414,468
415,469
416,470
417,471
418,472
419,473
420,474
421,475
422,476
423,477
424,478
425,479
426,480
427,481
428,482
429,483
430,484
431,485
432,486
433,487
434,488
435,489
436,490
437,491
438,492
439,493
440,494
441,495
442,496
443,497
444,498
445,499
446,501
447,502
448,503
449,504
450,505
451,506
452,507
453,508
454,509
455,510
456,511
457,512
458,513
459,514
460,515
461,516
462,517
463,518
464,519
465,520
466,521
467,522
468,523
469,524
470,525
471,526
472,527
473,528
474,530
475,531
476,532
477,533
478,534
479,535
480,536
481,537
482,538
483,539
484,540
485,541
486,542
487,543
488,544
489,545
490,546
491,547
492,548
493,549
494,550
495,551
496,552
497,553
498,571
499,572
500,574
501,575
502,578
503,579
504,580
505,583
506,586
507,587
508,592
509,593
510,594
511,595
512,596
513,597
514,598
515,599
516,600
517,601
518,602
519,603
520,604
521,605
522,606
523,607
524,608
525,609
526,610
527,611
528,612
529,613
530,614
531,615
532,616
533,617
534,619
535,620
536,621
537,622
538,623
539,624
540,625
541,627
542,628
543,629
544,630
545,631
546,632
547,633
548,634
549,635
550,636
551,637
552,638
553,639
554,640
555,641
556,642
557,643
558,644
559,645
560,646
561,647
562,648
563,649
564,650
565,651
566,652
567,653
568,654
569,655
570,656
571,657
572,659
573,660
574,661
575,662
576,663
577,664
578,665
579,666
580,667
581,668
582,669
583,670
584,671
585,672
586,673
587,674
588,675
589,676
590,677
591,678
592,679
593,680
594,681
595,682
596,683
597,684
598,685
599,686
600,687
601,688
602,689
603,690
604,691
605,692
606,693
607,694
608,695
609,696
610,697
611,698
612,699
613,700
614,701
615,702
616,703
617,704
618,705
619,706
620,707
621,708
622,709
623,710
624,711
625,712
626,713
627,714
628,715
629,716
630,717
631,718
632,719
633,720
634,721
635,723
636,724
637,725
638,726
639,727
640,728
641,729
642,730
643,731
644,732
645,733
646,734
647,735
648,736
649,737
650,738
651,740
652,741
653,742
654,743
655,744
656,745
657,746
658,747
659,748
660,749
661,750
662,751
663,752
664,753
665,754
666,755
667,756
668,757
669,758
670,759
671,760
672,761
673,762
674,763
675,764
676,765
677,766
678,767
679,768
680,769
681,770
682,771
683,772
684,773
685,774
686,775
687,776
688,777
689,778
690,779
691,780
692,781
693,782
694,783
695,784
696,785
697,786
698,787
699,788
700,789
701,790
702,791
703,792
704,793
705,794
706,795
707,796
708,797
709,798
710,799
711,800
712,801
713,802
714,803
715,804
716,805
717,806
718,807
719,808
720,809
721,810
722,811
723,812
724,813
725,814
726,815
727,816
728,817
729,818
730,819
731,820
732,821
733,822
734,823
735,824
736,825
737,826
738,827
739,828
740,829
741,830
742,831
743,832
744,833
745,834
746,835
747,836
748,837
749,838
750,839
751,840
752,841
753,842
754,843
755,844
756,846
757,847
758,848
759,849
760,850
761,851
762,852
763,853
764,854
765,855
766,856
767,857
768,860
769,861
770,864
771,865
772,866
773,867
774,868
775,869
776,870
777,871
778,872
779,873
780,874
781,875
782,876
783,877
784,878
785,879
786,880
787,881
788,882
789,883
790,884
791,885
792,886
793,887
794,888
795,889
796,890
797,891
798,892
799,893
800,895
801,896
802,897
803,898
804,899
805,900
806,901
807,902
808,903
809,904
810,905
811,906
812,907
813,908
814,909
815,910
816,913
817,914
818,915
819,916
820,917
821,918
822,919
823,920
824,921
825,923
826,924
827,926
828,927
829,928
830,931
831,932
832,933
833,934
834,935
835,936
836,937
837,938
838,939
839,940
840,941
841,942
842,943
843,944
844,945
845,946
846,947
847,948
848,949
849,950
850,951
851,952
852,953
853,954
854,955
855,956
856,957
857,958
858,959
859,960
860,961
861,962
862,963
863,964
864,965
865,966
866,967
867,968
868,969
869,970
870,971
871,972
872,974
873,975
874,976
875,977
876,978
877,980
878,981
879,982
880,983
881,984
882,985
883,986
884,987
885,988
886,989
887,990
888,991
889,992
890,993
891,994
892,995
893,996
894,997
895,998
896,999
897,1000
898,1001
899,1002
900,1003
901,1004
902,1005
903,1006
904,1007
905,1008
906,1009
907,1010
908,1011
909,1012
910,1013
911,1014
912,1016
913,1017
914,1018
915,1019
916,1020
917,1021
918,1022
919,1023
920,1024
921,1025
922,1026
923,1027
924,1028
925,1029
926,1030
927,1032
928,1033
929,1034
930,1035
931,1036
932,1037
933,1038
934,1039
935,1040
936,1041
937,1042
938,1043
939,1044
940,1045
941,1046
942,1047
943,1048
944,1049
945,1050
946,1051
947,1052
948,1053
949,1054
950,1055
951,1056
952,1057
953,1058
954,1059
955,1060
956,1061
957,1062
958,1063
959,1064
960,1065
961,1066
962,1067
963,1068
964,1069
965,1070
966,1071
967,1072
968,1073
969,1074
970,1075
971,1076
972,1077
973,1078
974,1079
975,1081
976,1082
977,1083
978,1084
979,1085
980,1086
981,1087
982,1088
983,1089
984,1090
985,1091
986,1092
987,1093
988,1094
989,1095
990,1096
991,1097
992,1098
993,1099
994,1100
995,1101
996,1102
997,1103
998,1104
999,1105
1000,1106
1001,1107
1002,1108
1003,1109
1004,1110
1005,1111
1006,1112
1007,1113
1008,1114
1009,1115
1010,1116
1011,1117
1012,1118
1013,1119
1014,1120
1015,1121
1016,1122
1017,1123
1018,1124
1019,1125
1020,1126
1021,1127
1022,1128
1023,1129
1024,1130
1025,1131
1026,1132
1027,1133
1028,1134
1029,1135
1030,1136
1031,1137
1032,1138
1033,1139
1034,1140
1035,1141
1036,1142
1037,1143
1038,1144
1039,1145
1040,1146
1041,1147
1042,1148
1043,1149
1044,1150
1045,1151
1046,1152
1047,1153
1048,1154
1049,1155
1050,1156
1051,1157
1052,1158
1053,1159
1054,1160
1055,1161
1056,1162
1057,1163
1058,1164
1059,1165
1060,1166
1061,1167
1062,1168
1063,1169
1064,1170
1065,1171
1066,1172
1067,1173
1068,1174
1069,1175
1070,1176
1071,1177
1072,1178
1073,1179
1074,1180
1075,1181
1076,1182
1077,1183
1078,1184
1079,1185
1080,1186
1081,1187
1082,1188
1083,1189
1084,1190
1085,1191
1086,1192
1087,1193
1088,1194
1089,1195
1090,1196
1091,1197
1092,1198
1093,1199
1094,1200
1095,1201
1096,1202
1097,1203
1098,1204
1099,1205
1100,1206
1101,1207
1102,1208
1103,1209
1104,1210
1105,1212
1106,1213
1107,1214
1108,1215
1109,1216
1110,1217
1111,1218
1112,1219
1113,1220
1114,1221
1115,1222
1116,1223
1117,1224
1118,1225
1119,1226
1120,1227
1121,1228
1122,1229
1123,1230
1124,1231
1125,1232
1126,1233
1127,1235
1128,1236
1129,1237
1130,1238
1131,1239
1132,1240
1133,1241
1134,1242
1135,1243
1136,1244
1137,1245
1138,1246
1139,1247
1140,1248
1141,1249
1142,1250
1143,1251
1144,1252
1145,1253
1146,1254
1147,1255
1148,1256
1149,1257
1150,1258
1151,1259
1152,1260
1153,1261
1154,1262
1155,1263
1156,1264
1157,1265
1158,1266
1159,1267
1160,1268
1161,1269
1162,1270
1163,1271
1164,1272
1165,1273
1166,1274
1167,1275
1168,1276
1169,1277
1170,1288
1171,1291
1172,1293
1173,1294
1174,1295
1175,1296
1176,1297
1177,1298
1178,1302
1179,1304
1180,1305
1181,1306
1182,1307
1183,1308
1184,1309
1185,1310
1186,1311
1187,1312
1188,1313
1189,1314
1190,1315
1191,1316
1192,1317
1193,1318
1194,1319
1195,1320
1196,1321
1197,1322
1198,1323
1199,1324
1200,1325
1201,1326
1202,1327
1203,1328
1204,1329
1205,1330
1206,1331
1207,1332
1208,1333
1209,1334
1210,1335
1211,1336
1212,1337
1213,1338
1214,1339
1215,1340
1216,1341
1217,1342
1218,1343
1219,1344
1220,1345
1221,1346
1222,1347
1223,1348
1224,1351
1225,1352
1226,1353
1227,1354
1228,1355
1229,1356
1230,1357
1231,1358
1232,1359
1233,1360
1234,1361
1235,1362
1236,1363
1237,1364
1238,1365
1239,1366
1240,1367
1241,1368
1242,1369
1243,1370
1244,1371
1245,1372
1246,1373
1247,1374
1248,1375
1249,1376
1250,1377
1251,1378
1252,1379
1253,1380
1254,1381
1255,1382
1256,1383
1257,1384
1258,1385
1259,1386
1260,1387
1261,1388
1262,1389
1263,1390
1264,1391
1265,1392
1266,1393
1267,1394
1268,1395
1269,1396
1270,1397
1271,1398
1272,1399
1273,1400
1274,1401
1275,1402
1276,1403
1277,1404
1278,1405
1279,1408
1280,1409
1281,1410
1282,1411
1283,1412
1284,1413
1285,1414
1286,1415
1287,1416
1288,1417
1289,1418
1290,1419
1291,1420
1292,1421
1293,1422
1294,1423
1295,1424
1296,1425
1297,1426
1298,1427
1299,1428
1300,1429
1301,1430
1302,1431
1303,1432
1304,1433
1305,1434
1306,1435
1307,1436
1308,1437
1309,1438
1310,1439
1311,1440
1312,1441
1313,1442
1314,1443
1315,1444
1316,1445
1317,1446
1318,1447
1319,1448
1320,1449
1321,1450
1322,1451
1323,1452
1324,1453
1325,1454
1326,1455
1327,1456
1328,1457
1329,1458
1330,1459
1331,1460
1332,1461
1333,1462
1334,1463
1335,1464
1336,1465
1337,1466
1338,1467
1339,1468
1340,1469
1341,1470
1342,1471
1343,1472
1344,1473
1345,1474
1346,1475
1347,1476
1348,1477
1349,1478
1350,1479
1351,1480
1352,1481
1353,1482
1354,1483
1355,1484
1356,1485
1357,1486
1358,1487
1359,1488
1360,1489
1361,1490
1362,1491
1363,1492
1364,1493
1365,1494
1366,1495
1367,1496
1368,1497
1369,1498
1370,1499
1371,1500
1372,1501
1373,1502
1374,1503
1375,1504
1376,1505
1377,1506
1378,1507
1379,1508
1380,1509
1381,1510
1382,1511
1383,1512
1384,1513
1385,1514
1386,1515
1387,1516
1388,1517
1389,1518
1390,1519
1391,1520
1392,1521
1393,1522
1394,1523
1395,1524
1396,1525
1397,1526
1398,1527
1399,1528
1400,1529
1401,1530
1402,1531
1403,1532
1404,1533
1405,1534
1406,1535
1407,1536
1408,1537
1409,1538
1410,1539
1411,1540
1412,1541
1413,1542
1414,1543
1415,1544
1416,1545
1417,1546
1418,1547
1419,1548
1420,1549
1421,1550
1422,1551
1423,1552
1424,1553
1425,1554
1426,1555
1427,1556
1428,1557
1429,1558
1430,1559
1431,1560
1432,1561
1433,1562
1434,1563
1435,1564
1436,1565
1437,1566
1438,1567
1439,1568
1440,1569
1441,1570
1442,1571
1443,1572
1444,1573
1445,1574
1446,1575
1447,1576
1448,1577
1449,1578
1450,1579
1451,1580
1452,1581
1453,1582
1454,1583
1455,1584
1456,1585
1457,1586
1458,1587
1459,1588
1460,1589
1461,1590
1462,1591
1463,1592
1464,1593
1465,1594
1466,1595
1467,1596
1468,1597
1469,1598
1470,1599
1471,1600
1472,1601
1473,1602
1474,1603
1475,1606
1476,1607
1477,1608
1478,1609
1479,1610
1480,1611
1481,1612
1482,1613
1483,1614
1484,1615
1485,1616
1486,1617
1487,1618
1488,1619
1489,1620
1490,1621
1491,1622
1492,1623
1493,1624
1494,1625
1495,1626
1496,1627
1497,1628
1498,1629
1499,1630
1500,1631
1501,1633
1502,1637
1503,1640
1504,1641
1505,1642
1506,1643
1507,1644
1508,1645
1509,1646
1510,1647
1511,1648
1512,1649
1513,1650
1514,1655
1515,1656
1516,1658
1517,1660
1518,1661
1519,1662
1520,1663
1521,1664
1522,1665
1523,1668
1524,1669
1525,1670
1526,1671
1527,1672
1528,1673
1529,1674
1530,1675
1531,1676
1532,1677
1533,1678
1534,1679
1535,1680
1536,1681
1537,1682
1538,1683
1539,1684
1540,1685
1541,1686
1542,1687
1543,1688
1544,1689
1545,1690
1546,1691
1547,1692
1548,1693
1549,1694
1550,1695
1551,1696
1552,1697
1553,1698
1554,1699
1555,1700
1556,1701
1557,1702
1558,1703
1559,1704
1560,1705
1561,1706
1562,1707
1563,1708
1564,1709
1565,1710
1566,1711
1567,1712
1568,1713
1569,1714
1570,1715
1571,1717
1572,1718
1573,1719
1574,1720
1575,1721
1576,1722
1577,1723
1578,1724
1579,1725
1580,1726
1581,1727
1582,1728
1583,1729
1584,1730
1585,1731
1586,1732
1587,1733
1588,1734
1589,1735
1590,1736
1591,1737
1592,1738
1593,1739
1594,1740
1595,1741
1596,1742
1597,1743
1598,1744
1599,1745
1600,1746
1601,1747
1602,1748
1603,1749
1604,1750
1605,1751
1606,1752
1607,1753
1608,1754
1609,1755
1610,1756
1611,1757
1612,1758
1613,1759
1614,1760
1615,1761
1616,1762
1617,1763
1618,1764
1619,1765
1620,1766
1621,1767
1622,1768
1623,1769
1624,1770
1625,1771
1626,1772
1627,1773
1628,1774
1629,1775
1630,1776
1631,1777
1632,1778
1633,1779
1634,1780
1635,1781
1636,1782
1637,1783
1638,1784
1639,1785
1640,1786
1641,1787
1642,1788
1643,1789
1644,1790
1645,1791
1646,1792
1647,1793
1648,1794
1649,1795
1650,1796
1651,1797
1652,1798
1653,1799
1654,1800
1655,1801
1656,1802
1657,1803
1658,1804
1659,1805
1660,1806
1661,1807
1662,1808
1663,1809
1664,1810
1665,1811
1666,1812
1667,1813
1668,1814
1669,1815
1670,1816
1671,1817
1672,1818
1673,1819
1674,1820
1675,1821
1676,1822
1677,1823
1678,1824
1679,1825
1680,1826
1681,1827
1682,1828
1683,1829
1684,1830
1685,1831
1686,1832
1687,1833
1688,1834
1689,1835
1690,1836
1691,1837
1692,1838
1693,1839
1694,1840
1695,1841
1696,1842
1697,1843
1698,1844
1699,1845
1700,1846
1701,1847
1702,1848
1703,1849
1704,1850
1705,1851
1706,1852
1707,1853
1708,1854
1709,1855
1710,1856
1711,1857
1712,1858
1713,1859
1714,1860
1715,1861
1716,1862
1717,1863
1718,1864
1719,1865
1720,1866
1721,1867
1722,1868
1723,1869
1724,1870
1725,1871
1726,1872
1727,1873
1728,1874
1729,1875
1730,1876
1731,1877
1732,1878
1733,1879
1734,1880
1735,1881
1736,1882
1737,1883
1738,1884
1739,1885
1740,1886
1741,1887
1742,1888
1743,1889
1744,1890
1745,1891
1746,1892
1747,1893
1748,1894
1749,1895
1750,1896
1751,1897
1752,1898
1753,1899
1754,1900
1755,1901
1756,1902
1757,1903
1758,1904
1759,1905
1760,1906
1761,1907
1762,1908
1763,1909
1764,1910
1765,1911
1766,1912
1767,1913
1768,1914
1769,1915
1770,1916
1771,1917
1772,1918
1773,1919
1774,1920
1775,1921
1776,1922
1777,1923
1778,1924
1779,1925
1780,1926
1781,1927
1782,1928
1783,1929
1784,1930
1785,1931
1786,1932
1787,1933
1788,1934
1789,1935
1790,1936
1791,1937
1792,1938
1793,1939
1794,1940
1795,1941
1796,1942
1797,1943
1798,1944
1799,1945
1800,1946
1801,1947
1802,1948
1803,1949
1804,1950
1805,1951
1806,1952
1807,1953
1808,1954
1809,1955
1810,1956
1811,1957
1812,1958
1813,1959
1814,1960
1815,1961
1816,1962
1817,1963
1818,1964
1819,1965
1820,1966
1821,1967
1822,1968
1823,1969
1824,1970
1825,1971
1826,1972
1827,1973
1828,1974
1829,1975
1830,1976
1831,1977
1832,1978
1833,1979
1834,1980
1835,1981
1836,1982
1837,1983
1838,1984
1839,1985
1840,1986
1841,1987
1842,1989
1843,1990
1844,1991
1845,1992
1846,1993
1847,1994
1848,1995
1849,1996
1850,1997
1851,1998
1852,2007
1853,2014
1854,2015
1855,2016
1856,2018
1857,2019
1858,2020
1859,2021
1860,2022
1861,2023
1862,2024
1863,2025
1864,2026
1865,2027
1866,2028
1867,2029
1868,2030
1869,2031
1870,2032
1871,2033
1872,2034
1873,2035
1874,2036
1875,2037
1876,2038
1877,2039
1878,2040
1879,2041
1880,2042
1881,2043
1882,2044
1883,2045
1884,2046
1885,2047
1886,2048
1887,2049
1888,2050
1889,2051
1890,2052
1891,2053
1892,2054
1893,2055
1894,2056
1895,2057
1896,2058
1897,2059
1898,2060
1899,2061
1900,2062
1901,2063
1902,2064
1903,2065
1904,2066
1905,2067
1906,2068
1907,2070
1908,2072
1909,2073
1910,2074
1911,2075
1912,2076
1913,2077
1914,2078
1915,2079
1916,2080
1917,2081
1918,2082
1919,2083
1920,2084
1921,2085
1922,2086
1923,2087
1924,2088
1925,2089
1926,2090
1927,2091
1928,2092
1929,2093
1930,2094
1931,2095
1932,2096
1933,2097
1934,2098
1935,2099
1936,2100
1937,2101
1938,2102
1939,2103
1940,2104
1941,2105
1942,2106
1943,2107
1944,2108
1945,2109
1946,2110
1947,2111
1948,2112
1949,2113
1950,2114
1951,2115
1952,2116
1953,2117
1954,2118
1955,2119
1956,2120
1957,2121
1958,2122
1959,2123
1960,2124
1961,2125
1962,2126
1963,2127
1964,2128
1965,2129
1966,2130
1967,2131
1968,2132
1969,2133
1970,2134
1971,2135
1972,2136
1973,2137
1974,2138
1975,2139
1976,2140
1977,2141
1978,2142
1979,2143
1980,2144
1981,2145
1982,2146
1983,2147
1984,2148
1985,2149
1986,2150
1987,2151
1988,2152
1989,2153
1990,2154
1991,2155
1992,2156
1993,2157
1994,2158
1995,2159
1996,2160
1997,2161
1998,2162
1999,2163
2000,2164
2001,2165
2002,2166
2003,2167
2004,2168
2005,2169
2006,2170
2007,2171
2008,2172
2009,2173
2010,2174
2011,2175
2012,2176
2013,2177
2014,2178
2015,2179
2016,2180
2017,2181
2018,2182
2019,2183
2020,2184
2021,2185
2022,2186
2023,2187
2024,2188
2025,2189
2026,2190
2027,2191
2028,2192
2029,2193
2030,2194
2031,2195
2032,2196
2033,2197
2034,2198
2035,2199
2036,2200
2037,2201
2038,2202
2039,2203
2040,2204
2041,2205
2042,2206
2043,2207
2044,2208
2045,2209
2046,2210
2047,2211
2048,2212
2049,2213
2050,2214
2051,2215
2052,2216
2053,2217
2054,2218
2055,2219
2056,2220
2057,2221
2058,2222
2059,2223
2060,2224
2061,2225
2062,2226
2063,2227
2064,2228
2065,2229
2066,2230
2067,2232
2068,2233
2069,2234
2070,2235
2071,2236
2072,2237
2073,2238
2074,2239
2075,2240
2076,2241
2077,2242
2078,2243
2079,2244
2080,2245
2081,2246
2082,2247
2083,2248
2084,2249
2085,2250
2086,2251
2087,2252
2088,2253
2089,2254
2090,2255
2091,2256
2092,2257
2093,2260
2094,2261
2095,2262
2096,2263
2097,2264
2098,2265
2099,2266
2100,2267
2101,2268
2102,2269
2103,2270
2104,2271
2105,2272
2106,2273
2107,2274
2108,2275
2109,2276
2110,2277
2111,2278
2112,2279
2113,2280
2114,2281
2115,2282
2116,2283
2117,2284
2118,2285
2119,2286
2120,2287
2121,2288
2122,2289
2123,2290
2124,2291
2125,2292
2126,2293
2127,2294
2128,2295
2129,2296
2130,2297
2131,2298
2132,2299
2133,2300
2134,2301
2135,2302
2136,2303
2137,2304
2138,2305
2139,2306
2140,2307
2141,2308
2142,2309
2143,2310
2144,2311
2145,2312
2146,2313
2147,2314
2148,2315
2149,2316
2150,2317
2151,2318
2152,2319
2153,2320
2154,2323
2155,2324
2156,2325
2157,2326
2158,2327
2159,2328
2160,2329
2161,2330
2162,2331
2163,2332
2164,2333
2165,2334
2166,2335
2167,2336
2168,2337
2169,2338
2170,2339
2171,2340
2172,2341
2173,2342
2174,2343
2175,2344
2176,2345
2177,2346
2178,2347
2179,2348
2180,2349
2181,2350
2182,2351
2183,2352
2184,2353
2185,2354
2186,2355
2187,2356
2188,2357
2189,2358
2190,2359
2191,2360
2192,2361
2193,2362
2194,2363
2195,2364
2196,2365
2197,2368
2198,2369
2199,2370
2200,2371
2201,2387
2202,2389
2203,2390
2204,2391
2205,2392
2206,2393
2207,2394
2208,2395
2209,2396
2210,2397
2211,2398
2212,2399
2213,2400
2214,2401
2215,2402
2216,2403
2217,2404
2218,2405
2219,2406
2220,2407
2221,2408
2222,2409
2223,2410
2224,2411
2225,2412
2226,2413
2227,2414
2228,2415
2229,2416
2230,2417
2231,2418
2232,2419
2233,2420
2234,2421
2235,2422
2236,2423
2237,2424
2238,2425
2239,2426
2240,2428
2241,2429
2242,2430
2243,2431
2244,2432
2245,2433
2246,2434
2247,2435
2248,2436
2249,2437
2250,2438
2251,2439
2252,2440
2253,2441
2254,2442
2255,2443
2256,2444
2257,2445
2258,2446
2259,2447
2260,2448
2261,2449
2262,2450
2263,2451
2264,2452
2265,2453
2266,2454
2267,2455
2268,2456
2269,2457
2270,2458
2271,2459
2272,2460
2273,2461
2274,2462
2275,2463
2276,2464
2277,2465
2278,2466
2279,2467
2280,2468
2281,2469
2282,2470
2283,2471
2284,2472
2285,2473
2286,2474
2287,2475
2288,2476
2289,2477
2290,2478
2291,2479
2292,2480
2293,2481
2294,2482
2295,2483
2296,2484
2297,2485
2298,2486
2299,2487
2300,2488
2301,2489
2302,2490
2303,2491
2304,2492
2305,2493
2306,2494
2307,2495
2308,2496
2309,2497
2310,2498
2311,2499
2312,2500
2313,2501
2314,2502
2315,2503
2316,2504
2317,2505
2318,2506
2319,2507
2320,2508
2321,2509
2322,2510
2323,2511
2324,2512
2325,2513
2326,2514
2327,2515
2328,2516
2329,2517
2330,2518
2331,2519
2332,2520
2333,2521
2334,2522
2335,2523
2336,2524
2337,2525
2338,2526
2339,2527
2340,2528
2341,2529
2342,2530
2343,2531
2344,2532
2345,2533
2346,2534
2347,2535
2348,2536
2349,2537
2350,2538
2351,2539
2352,2540
2353,2541
2354,2542
2355,2543
2356,2544
2357,2545
2358,2546
2359,2547
2360,2548
2361,2549
2362,2550
2363,2551
2364,2552
2365,2553
2366,2554
2367,2555
2368,2556
2369,2557
2370,2558
2371,2559
2372,2560
2373,2561
2374,2562
2375,2563
2376,2564
2377,2565
2378,2566
2379,2567
2380,2568
2381,2569
2382,2570
2383,2571
2384,2572
2385,2573
2386,2574
2387,2575
2388,2576
2389,2577
2390,2578
2391,2579
2392,2580
2393,2581
2394,2582
2395,2583
2396,2584
2397,2585
2398,2586
2399,2587
2400,2588
2401,2589
2402,2590
2403,2591
2404,2592
2405,2593
2406,2594
2407,2595
2408,2596
2409,2597
2410,2598
2411,2599
2412,2600
2413,2601
2414,2602
2415,2603
2416,2604
2417,2605
2418,2606
2419,2608
2420,2609
2421,2611
2422,2612
2423,2613
2424,2614
2425,2615
2426,2616
2427,2617
2428,2618
2429,2619
2430,2620
2431,2621
2432,2622
2433,2623
2434,2624
2435,2625
2436,2627
2437,2628
2438,2629
2439,2630
2440,2631
2441,2633
2442,2634
2443,2635
2444,2636
2445,2637
2446,2638
2447,2639
2448,2640
2449,2641
2450,2642
2451,2643
2452,2644
2453,2645
2454,2646
2455,2647
2456,2648
2457,2649
2458,2650
2459,2651
2460,2652
2461,2653
2462,2654
2463,2655
2464,2656
2465,2657
2466,2658
2467,2659
2468,2660
2469,2661
2470,2662
2471,2663
2472,2664
2473,2665
2474,2666
2475,2667
2476,2668
2477,2669
2478,2670
2479,2671
2480,2672
2481,2673
2482,2674
2483,2675
2484,2676
2485,2677
2486,2678
2487,2679
2488,2680
2489,2681
2490,2682
2491,2683
2492,2684
2493,2685
2494,2686
2495,2687
2496,2688
2497,2689
2498,2690
2499,2691
2500,2692
2501,2693
2502,2694
2503,2695
2504,2696
2505,2697
2506,2698
2507,2699
2508,2700
2509,2701
2510,2702
2511,2703
2512,2704
2513,2705
2514,2706
2515,2707
2516,2708
2517,2709
2518,2710
2519,2711
2520,2713
2521,2714
2522,2715
2523,2716
2524,2717
2525,2718
2526,2719
2527,2720
2528,2721
2529,2722
2530,2723
2531,2724
2532,2725
2533,2726
2534,2727
2535,2728
2536,2729
2537,2736
2538,2738
2539,2739
2540,2740
2541,2741
2542,2742
2543,2743
2544,2744
2545,2746
2546,2747
2547,2748
2548,2749
2549,2750
2550,2751
2551,2752
2552,2753
2553,2754
2554,2755
2555,2756
2556,2757
2557,2758
2558,2759
2559,2760
2560,2761
2561,2762
2562,2763
2563,2764
2564,2765
2565,2766
2566,2767
2567,2768
2568,2769
2569,2770
2570,2771
2571,2772
2572,2773
2573,2774
2574,2775
2575,2776
2576,2777
2577,2778
2578,2779
2579,2780
2580,2781
2581,2782
2582,2783
2583,2784
2584,2785
2585,2786
2586,2787
2587,2788
2588,2789
2589,2790
2590,2791
2591,2792
2592,2793
2593,2794
2594,2795
2595,2796
2596,2797
2597,2798
2598,2800
2599,2801
2600,2802
2601,2803
2602,2804
2603,2805
2604,2806
2605,2807
2606,2808
2607,2809
2608,2810
2609,2811
2610,2812
2611,2813
2612,2814
2613,2815
2614,2816
2615,2817
2616,2818
2617,2819
2618,2820
2619,2821
2620,2822
2621,2823
2622,2824
2623,2825
2624,2826
2625,2827
2626,2828
2627,2829
2628,2830
2629,2831
2630,2832
2631,2833
2632,2834
2633,2835
2634,2836
2635,2837
2636,2838
2637,2839
2638,2840
2639,2841
2640,2842
2641,2843
2642,2844
2643,2845
2644,2846
2645,2847
2646,2848
2647,2849
2648,2850
2649,2851
2650,2852
2651,2853
2652,2854
2653,2855
2654,2856
2655,2857
2656,2858
2657,2859
2658,2860
2659,2861
2660,2862
2661,2863
2662,2864
2663,2865
2664,2866
2665,2867
2666,2868
2667,2869
2668,2870
2669,2871
2670,2872
2671,2873
2672,2874
2673,2875
2674,2876
2675,2877
2676,2878
2677,2879
2678,2880
2679,2881
2680,2882
2681,2883
2682,2884
2683,2885
2684,2886
2685,2887
2686,2888
2687,2889
2688,2890
2689,2891
2690,2892
2691,2893
2692,2894
2693,2895
2694,2896
2695,2897
2696,2898
2697,2899
2698,2900
2699,2901
2700,2902
2701,2903
2702,2904
2703,2905
2704,2906
2705,2907
2706,2908
2707,2909
2708,2910
2709,2911
2710,2912
2711,2913
2712,2914
2713,2915
2714,2916
2715,2917
2716,2918
2717,2919
2718,2920
2719,2921
2720,2922
2721,2923
2722,2925
2723,2926
2724,2927
2725,2928
2726,2929
2727,2930
2728,2931
2729,2932
2730,2933
2731,2934
2732,2935
2733,2936
2734,2937
2735,2938
2736,2939
2737,2940
2738,2941
2739,2942
2740,2943
2741,2944
2742,2945
2743,2946
2744,2947
2745,2948
2746,2949
2747,2950
2748,2951
2749,2952
2750,2953
2751,2954
2752,2955
2753,2956
2754,2957
2755,2958
2756,2959
2757,2960
2758,2961
2759,2962
2760,2963
2761,2964
2762,2965
2763,2966
2764,2967
2765,2968
2766,2969
2767,2970
2768,2971
2769,2972
2770,2973
2771,2974
2772,2975
2773,2976
2774,2977
2775,2978
2776,2979
2777,2980
2778,2981
2779,2982
2780,2983
2781,2984
2782,2985
2783,2986
2784,2987
2785,2988
2786,2989
2787,2990
2788,2991
2789,2992
2790,2993
2791,2994
2792,2995
2793,2996
2794,2997
2795,2998
2796,2999
2797,3000
2798,3001
2799,3002
2800,3003
2801,3004
2802,3005
2803,3006
2804,3007
2805,3008
2806,3009
2807,3010
2808,3011
2809,3012
2810,3013
2811,3014
2812,3015
2813,3016
2814,3017
2815,3018
2816,3019
2817,3020
2818,3021
2819,3022
2820,3023
2821,3024
2822,3025
2823,3026
2824,3027
2825,3028
2826,3029
2827,3030
2828,3031
2829,3032
2830,3033
2831,3034
2832,3035
2833,3036
2834,3037
2835,3038
2836,3039
2837,3040
2838,3041
2839,3042
2840,3043
2841,3044
2842,3045
2843,3046
2844,3047
2845,3048
2846,3049
2847,3050
2848,3051
2849,3052
2850,3053
2851,3054
2852,3055
2853,3056
2854,3057
2855,3058
2856,3059
2857,3060
2858,3061
2859,3062
2860,3063
2861,3064
2862,3065
2863,3067
2864,3068
2865,3070
2866,3071
2867,3072
2868,3073
2869,3074
2870,3075
2871,3076
2872,3077
2873,3078
2874,3079
2875,3080
2876,3081
2877,3082
2878,3083
2879,3084
2880,3085
2881,3086
2882,3087
2883,3088
2884,3089
2885,3090
2886,3091
2887,3092
2888,3093
2889,3097
2890,3109
2891,3116
2892,3119
2893,3120
2894,3124
2895,3125
2896,3126
2897,3127
2898,3128
2899,3129
2900,3130
2901,3131
2902,3132
2903,3133
2904,3134
2905,3135
2906,3136
2907,3137
2908,3138
2909,3139
2910,3140
2911,3141
2912,3142
2913,3143
2914,3144
2915,3145
2916,3146
2917,3147
2918,3148
2919,3149
2920,3150
2921,3151
2922,3152
2923,3153
2924,3154
2925,3155
2926,3156
2927,3157
2928,3158
2929,3159
2930,3160
2931,3161
2932,3162
2933,3163
2934,3164
2935,3165
2936,3166
2937,3167
2938,3168
2939,3169
2940,3170
2941,3171
2942,3174
2943,3175
2944,3176
2945,3177
2946,3178
2947,3179
2948,3180
2949,3181
2950,3182
2951,3183
2952,3184
2953,3185
2954,3186
2955,3187
2956,3188
2957,3189
2958,3190
2959,3191
2960,3192
2961,3193
2962,3194
2963,3195
2964,3196
2965,3197
2966,3198
2967,3199
2968,3200
2969,3201
2970,3202
2971,3203
2972,3204
2973,3205
2974,3206
2975,3207
2976,3208
2977,3209
2978,3210
2979,3211
2980,3212
2981,3213
2982,3214
2983,3215
2984,3216
2985,3217
2986,3218
2987,3219
2988,3220
2989,3221
2990,3222
2991,3223
2992,3224
2993,3225
2994,3226
2995,3227
2996,3228
2997,3229
2998,3230
2999,3231
3000,3232
3001,3233
3002,3234
3003,3235
3004,3236
3005,3237
3006,3238
3007,3239
3008,3240
3009,3241
3010,3242
3011,3243
3012,3244
3013,3245
3014,3246
3015,3247
3016,3248
3017,3249
3018,3250
3019,3251
3020,3252
3021,3253
3022,3254
3023,3255
3024,3256
3025,3257
3026,3258
3027,3259
3028,3260
3029,3261
3030,3262
3031,3263
3032,3264
3033,3265
3034,3266
3035,3267
3036,3268
3037,3269
3038,3270
3039,3271
3040,3272
3041,3273
3042,3274
3043,3275
3044,3276
3045,3277
3046,3278
3047,3279
3048,3280
3049,3281
3050,3282
3051,3283
3052,3284
3053,3285
3054,3286
3055,3287
3056,3288
3057,3289
3058,3290
3059,3291
3060,3292
3061,3293
3062,3294
3063,3295
3064,3297
3065,3298
3066,3299
3067,3300
3068,3301
3069,3302
3070,3303
3071,3304
3072,3305
3073,3306
3074,3307
3075,3308
3076,3309
3077,3310
3078,3311
3079,3312
3080,3313
3081,3314
3082,3315
3083,3316
3084,3317
3085,3318
3086,3319
3087,3320
3088,3321
3089,3322
3090,3323
3091,3324
3092,3325
3093,3326
3094,3327
3095,3328
3096,3329
3097,3330
3098,3331
3099,3332
3100,3333
3101,3334
3102,3335
3103,3336
3104,3337
3105,3338
3106,3339
3107,3340
3108,3341
3109,3342
3110,3343
3111,3344
3112,3345
3113,3346
3114,3347
3115,3348
3116,3349
3117,3350
3118,3351
3119,3352
3120,3353
3121,3354
3122,3355
3123,3356
3124,3357
3125,3358
3126,3359
3127,3360
3128,3361
3129,3362
3130,3363
3131,3364
3132,3365
3133,3366
3134,3367
3135,3368
3136,3369
3137,3371
3138,3372
3139,3373
3140,3374
3141,3375
3142,3376
3143,3377
3144,3378
3145,3379
3146,3380
3147,3381
3148,3382
3149,3383
3150,3384
3151,3385
3152,3386
3153,3387
3154,3388
3155,3389
3156,3390
3157,3391
3158,3392
3159,3393
3160,3394
3161,3395
3162,3396
3163,3397
3164,3398
3165,3399
3166,3400
3167,3401
3168,3402
3169,3403
3170,3404
3171,3405
3172,3406
3173,3407
3174,3408
3175,3409
3176,3410
3177,3411
3178,3412
3179,3413
3180,3414
3181,3415
3182,3416
3183,3417
3184,3419
3185,3420
3186,3421
3187,3422
3188,3423
3189,3424
3190,3425
3191,3426
3192,3427
3193,3428
3194,3429
3195,3431
3196,3433
3197,3434
3198,3435
3199,3436
3200,3437
3201,3438
3202,3439
3203,3440
3204,3441
3205,3442
3206,3443
3207,3444
3208,3445
3209,3446
3210,3447
3211,3448
3212,3449
3213,3450
3214,3451
3215,3452
3216,3453
3217,3454
3218,3455
3219,3464
3220,3465
3221,3467
3222,3468
3223,3469
3224,3470
3225,3471
3226,3472
3227,3473
3228,3474
3229,3475
3230,3476
3231,3477
3232,3478
3233,3479
3234,3480
3235,3481
3236,3483
3237,3484
3238,3485
3239,3486
3240,3488
3241,3489
3242,3490
3243,3491
3244,3492
3245,3493
3246,3494
3247,3495
3248,3496
3249,3497
3250,3498
3251,3499
3252,3500
3253,3501
3254,3502
3255,3503
3256,3504
3257,3505
3258,3506
3259,3507
3260,3508
3261,3509
3262,3510
3263,3511
3264,3512
3265,3513
3266,3514
3267,3515
3268,3516
3269,3517
3270,3518
3271,3519
3272,3520
3273,3521
3274,3522
3275,3523
3276,3524
3277,3525
3278,3526
3279,3527
3280,3528
3281,3529
3282,3530
3283,3531
3284,3532
3285,3533
3286,3534
3287,3535
3288,3536
3289,3537
3290,3538
3291,3539
3292,3540
3293,3541
3294,3542
3295,3543
3296,3544
3297,3545
3298,3546
3299,3547
3300,3548
3301,3549
3302,3550
3303,3551
3304,3552
3305,3553
3306,3554
3307,3555
3308,3556
3309,3557
3310,3558
3311,3559
3312,3560
3313,3561
3314,3562
3315,3563
3316,3564
3317,3565
3318,3566
3319,3567
3320,3568
3321,3569
3322,3570
3323,3571
3324,3572
3325,3573
3326,3574
3327,3575
3328,3576
3329,3577
3330,3578
3331,3579
3332,3580
3333,3581
3334,3582
3335,3583
3336,3584
3337,3585
3338,3586
3339,3587
3340,3588
3341,3589
3342,3590
3343,3591
3344,3592
3345,3593
3346,3594
3347,3595
3348,3596
3349,3597
3350,3598
3351,3599
3352,3601
3353,3602
3354,3603
3355,3604
3356,3605
3357,3606
3358,3607
3359,3608
3360,3609
3361,3611
3362,3612
3363,3613
3364,3614
3365,3615
3366,3616
3367,3617
3368,3618
3369,3619
3370,3620
3371,3621
3372,3622
3373,3623
3374,3624
3375,3625
3376,3626
3377,3627
3378,3628
3379,3629
3380,3630
3381,3631
3382,3632
3383,3633
3384,3634
3385,3635
3386,3636
3387,3637
3388,3638
3389,3639
3390,3640
3391,3641
3392,3642
3393,3643
3394,3644
3395,3645
3396,3646
3397,3647
3398,3648
3399,3649
3400,3650
3401,3651
3402,3652
3403,3653
3404,3654
3405,3655
3406,3656
3407,3657
3408,3658
3409,3659
3410,3660
3411,3661
3412,3662
3413,3663
3414,3664
3415,3665
3416,3666
3417,3667
3418,3668
3419,3669
3420,3670
3421,3671
3422,3672
3423,3673
3424,3674
3425,3675
3426,3676
3427,3677
3428,3678
3429,3679
3430,3680
3431,3681
3432,3682
3433,3683
3434,3684
3435,3685
3436,3686
3437,3687
3438,3688
3439,3689
3440,3690
3441,3691
3442,3692
3443,3693
3444,3694
3445,3695
3446,3696
3447,3697
3448,3698
3449,3699
3450,3700
3451,3701
3452,3702
3453,3703
3454,3704
3455,3705
3456,3706
3457,3707
3458,3708
3459,3709
3460,3710
3461,3711
3462,3712
3463,3713
3464,3714
3465,3715
3466,3716
3467,3717
3468,3718
3469,3719
3470,3720
3471,3721
3472,3723
3473,3724
3474,3725
3475,3726
3476,3727
3477,3728
3478,3729
3479,3730
3480,3731
3481,3732
3482,3733
3483,3734
3484,3735
3485,3736
3486,3737
3487,3738
3488,3739
3489,3740
3490,3741
3491,3742
3492,3743
3493,3745
3494,3746
3495,3747
3496,3748
3497,3749
3498,3750
3499,3751
3500,3752
3501,3753
3502,3754
3503,3755
3504,3756
3505,3757
3506,3758
3507,3759
3508,3760
3509,3761
3510,3762
3511,3763
3512,3764
3513,3765
3514,3766
3515,3767
3516,3769
3517,3770
3518,3771
3519,3772
3520,3773
3521,3774
3522,3775
3523,3776
3524,3777
3525,3778
3526,3779
3527,3780
3528,3781
3529,3782
3530,3783
3531,3784
3532,3785
3533,3786
3534,3787
3535,3788
3536,3789
3537,3790
3538,3791
3539,3792
3540,3793
3541,3794
3542,3795
3543,3796
3544,3797
3545,3798
3546,3799
3547,3800
3548,3801
3549,3802
3550,3803
3551,3804
3552,3805
3553,3806
3554,3807
3555,3808
3556,3809
3557,3810
3558,3811
3559,3812
3560,3813
3561,3814
3562,3815
3563,3816
3564,3817
3565,3818
3566,3819
3567,3820
3568,3821
3569,3822
3570,3823
3571,3824
3572,3825
3573,3826
3574,3829
3575,3830
3576,3831
3577,3832
3578,3833
3579,3834
3580,3835
3581,3836
3582,3837
3583,3838
3584,3847
3585,3848
3586,3849
3587,3850
3588,3851
3589,3852
3590,3853
3591,3854
3592,3855
3593,3856
3594,3857
3595,3858
3596,3859
3597,3860
3598,3861
3599,3862
3600,3863
3601,3864
3602,3865
3603,3866
3604,3867
3605,3868
3606,3869
3607,3870
3608,3871
3609,3872
3610,3873
3611,3874
3612,3875
3613,3876
3614,3877
3615,3878
3616,3879
3617,3880
3618,3881
3619,3882
3620,3883
3621,3884
3622,3885
3623,3886
3624,3887
3625,3888
3626,3889
3627,3890
3628,3891
3629,3892
3630,3893
3631,3894
3632,3895
3633,3896
3634,3897
3635,3898
3636,3899
3637,3900
3638,3901
3639,3902
3640,3903
3641,3904
3642,3905
3643,3906
3644,3907
3645,3908
3646,3909
3647,3910
3648,3911
3649,3912
3650,3913
3651,3914
3652,3915
3653,3916
3654,3917
3655,3918
3656,3919
3657,3920
3658,3921
3659,3922
3660,3923
3661,3924
3662,3925
3663,3926
3664,3927
3665,3928
3666,3930
3667,3931
3668,3932
3669,3933
3670,3934
3671,3935
3672,3936
3673,3937
3674,3938
3675,3939
3676,3940
3677,3941
3678,3942
3679,3943
3680,3944
3681,3945
3682,3946
3683,3947
3684,3948
3685,3949
3686,3950
3687,3951
3688,3952
3689,3953
3690,3954
3691,3955
3692,3956
3693,3957
3694,3958
3695,3959
3696,3960
3697,3961
3698,3962
3699,3963
3700,3964
3701,3965
3702,3966
3703,3967
3704,3968
3705,3969
3706,3970
3707,3971
3708,3972
3709,3973
3710,3974
3711,3975
3712,3976
3713,3977
3714,3978
3715,3979
3716,3980
3717,3981
3718,3982
3719,3983
3720,3984
3721,3985
3722,3986
3723,3987
3724,3988
3725,3989
3726,3990
3727,3991
3728,3992
3729,3993
3730,3994
3731,3995
3732,3996
3733,3997
3734,3998
3735,3999
3736,4000
3737,4001
3738,4002
3739,4003
3740,4004
3741,4005
3742,4006
3743,4007
3744,4008
3745,4009
3746,4010
3747,4011
3748,4012
3749,4013
3750,4014
3751,4015
3752,4016
3753,4017
3754,4018
3755,4019
3756,4020
3757,4021
3758,4022
3759,4023
3760,4024
3761,4025
3762,4026
3763,4027
3764,4028
3765,4029
3766,4030
3767,4031
3768,4032
3769,4033
3770,4034
3771,4035
3772,4036
3773,4037
3774,4038
3775,4039
3776,4040
3777,4041
3778,4042
3779,4043
3780,4044
3781,4045
3782,4046
3783,4047
3784,4048
3785,4049
3786,4050
3787,4051
3788,4052
3789,4053
3790,4054
3791,4055
3792,4056
3793,4057
3794,4058
3795,4059
3796,4060
3797,4061
3798,4062
3799,4063
3800,4064
3801,4065
3802,4066
3803,4067
3804,4068
3805,4069
3806,4070
3807,4071
3808,4072
3809,4073
3810,4074
3811,4075
3812,4076
3813,4077
3814,4078
3815,4079
3816,4080
3817,4082
3818,4083
3819,4084
3820,4085
3821,4086
3822,4087
3823,4088
3824,4089
3825,4090
3826,4091
3827,4092
3828,4093
3829,4094
3830,4095
3831,4096
3832,4097
3833,4098
3834,4099
3835,4100
3836,4101
3837,4102
3838,4103
3839,4104
3840,4105
3841,4106
3842,4107
3843,4108
3844,4109
3845,4110
3846,4111
3847,4112
3848,4113
3849,4114
3850,4115
3851,4116
3852,4117
3853,4118
3854,4119
3855,4120
3856,4121
3857,4122
3858,4123
3859,4124
3860,4125
3861,4126
3862,4127
3863,4128
3864,4129
3865,4130
3866,4131
3867,4132
3868,4133
3869,4134
3870,4135
3871,4136
3872,4137
3873,4138
3874,4139
3875,4140
3876,4141
3877,4142
3878,4143
3879,4144
3880,4145
3881,4146
3882,4147
3883,4148
3884,4149
3885,4150
3886,4151
3887,4152
3888,4153
3889,4154
3890,4155
3891,4156
3892,4157
3893,4158
3894,4159
3895,4160
3896,4161
3897,4162
3898,4163
3899,4164
3900,4165
3901,4166
3902,4167
3903,4168
3904,4169
3905,4170
3906,4171
3907,4172
3908,4173
3909,4174
3910,4175
3911,4176
3912,4177
3913,4178
3914,4179
3915,4180
3916,4181
3917,4182
3918,4183
3919,4184
3920,4185
3921,4189
3922,4190
3923,4191
3924,4192
3925,4205
3926,4206
3927,4207
3928,4208
3929,4210
3930,4211
3931,4212
3932,4214
3933,4215
3934,4218
3935,4219
3936,4220
3937,4221
3938,4222
3939,4223
3940,4224
3941,4225
3942,4226
3943,4227
3944,4228
3945,4229
3946,4230
3947,4231
3948,4232
3949,4233
3950,4234
3951,4235
3952,4236
3953,4237
3954,4238
3955,4239
3956,4240
3957,4241
3958,4242
3959,4243
3960,4244
3961,4245
3962,4246
3963,4247
3964,4248
3965,4249
3966,4250
3967,4251
3968,4252
3969,4253
3970,4254
3971,4255
3972,4256
3973,4257
3974,4258
3975,4259
3976,4260
3977,4261
3978,4262
3979,4263
3980,4264
3981,4265
3982,4266
3983,4267
3984,4268
3985,4269
3986,4270
3987,4271
3988,4272
3989,4273
3990,4274
3991,4275
3992,4276
3993,4277
3994,4278
3995,4279
3996,4280
3997,4281
3998,4282
3999,4283
4000,4284
4001,4285
4002,4286
4003,4287
4004,4288
4005,4289
4006,4290
4007,4291
4008,4292
4009,4293
4010,4294
4011,4295
4012,4296
4013,4297
4014,4298
4015,4299
4016,4300
4017,4301
4018,4302
4019,4303
4020,4304
4021,4305
4022,4306
4023,4307
4024,4308
4025,4309
4026,4310
4027,4311
4028,4312
4029,4313
4030,4314
4031,4315
4032,4316
4033,4317
4034,4318
4035,4319
4036,4320
4037,4321
4038,4322
4039,4323
4040,4324
4041,4325
4042,4326
4043,4327
4044,4328
4045,4329
4046,4330
4047,4331
4048,4332
4049,4333
4050,4334
4051,4335
4052,4336
4053,4337
4054,4338
4055,4339
4056,4340
4057,4341
4058,4342
4059,4343
4060,4344
4061,4345
4062,4346
4063,4347
4064,4348
4065,4349
4066,4350
4067,4351
4068,4352
4069,4353
4070,4354
4071,4355
4072,4356
4073,4357
4074,4358
4075,4359
4076,4360
4077,4361
4078,4362
4079,4363
4080,4364
4081,4365
4082,4366
4083,4367
4084,4368
4085,4369
4086,4370
4087,4371
4088,4372
4089,4373
4090,4374
4091,4375
4092,4376
4093,4377
4094,4378
4095,4379
4096,4380
4097,4381
4098,4382
4099,4383
4100,4384
4101,4385
4102,4386
4103,4387
4104,4388
4105,4389
4106,4390
4107,4391
4108,4392
4109,4393
4110,4394
4111,4395
4112,4396
4113,4397
4114,4398
4115,4399
4116,4400
4117,4401
4118,4402
4119,4403
4120,4404
4121,4405
4122,4406
4123,4408
4124,4409
4125,4410
4126,4411
4127,4412
4128,4413
4129,4414
4130,4415
4131,4416
4132,4417
4133,4418
4134,4419
4135,4420
4136,4421
4137,4422
4138,4423
4139,4424
4140,4425
4141,4426
4142,4427
4143,4428
4144,4429
4145,4430
4146,4431
4147,4432
4148,4434
4149,4435
4150,4436
4151,4437
4152,4438
4153,4439
4154,4440
4155,4441
4156,4442
4157,4443
4158,4444
4159,4445
4160,4446
4161,4447
4162,4448
4163,4449
4164,4450
4165,4451
4166,4452
4167,4453
4168,4454
4169,4455
4170,4456
4171,4457
4172,4458
4173,4459
4174,4460
4175,4461
4176,4462
4177,4463
4178,4464
4179,4465
4180,4466
4181,4467
4182,4468
4183,4469
4184,4470
4185,4471
4186,4472
4187,4473
4188,4474
4189,4475
4190,4476
4191,4477
4192,4478
4193,4479
4194,4480
4195,4481
4196,4482
4197,4483
4198,4484
4199,4485
4200,4486
4201,4487
4202,4488
4203,4489
4204,4490
4205,4491
4206,4492
4207,4493
4208,4494
4209,4495
4210,4496
4211,4497
4212,4498
4213,4499
4214,4500
4215,4501
4216,4502
4217,4503
4218,4504
4219,4505
4220,4506
4221,4507
4222,4508
4223,4509
4224,4510
4225,4511
4226,4512
4227,4513
4228,4514
4229,4515
4230,4516
4231,4517
4232,4518
4233,4519
4234,4520
4235,4521
4236,4522
4237,4523
4238,4524
4239,4525
4240,4526
4241,4527
4242,4528
4243,4529
4244,4530
4245,4531
4246,4532
4247,4533
4248,4534
4249,4535
4250,4536
4251,4537
4252,4538
4253,4539
4254,4540
4255,4541
4256,4542
4257,4543
4258,4544
4259,4545
4260,4546
4261,4547
4262,4548
4263,4549
4264,4550
4265,4551
4266,4552
4267,4553
4268,4555
4269,4556
4270,4557
4271,4562
4272,4563
4273,4564
4274,4565
4275,4566
4276,4567
4277,4568
4278,4569
4279,4570
4280,4571
4281,4572
4282,4573
4283,4574
4284,4575
4285,4576
4286,4577
4287,4578
4288,4579
4289,4580
4290,4581
4291,4582
4292,4583
4293,4584
4294,4585
4295,4586
4296,4587
4297,4588
4298,4590
4299,4591
4300,4592
4301,4593
4302,4594
4303,4595
4304,4596
4305,4597
4306,4598
4307,4599
4308,4600
4309,4601
4310,4602
4311,4603
4312,4604
4313,4605
4314,4606
4315,4607
4316,4608
4317,4609
4318,4610
4319,4611
4320,4612
4321,4613
4322,4614
4323,4615
4324,4616
4325,4617
4326,4618
4327,4619
4328,4620
4329,4621
4330,4622
4331,4623
4332,4624
4333,4625
4334,4626
4335,4627
4336,4628
4337,4630
4338,4631
4339,4632
4340,4633
4341,4634
4342,4635
4343,4636
4344,4637
4345,4638
4346,4639
4347,4640
4348,4641
4349,4642
4350,4643
4351,4644
4352,4645
4353,4646
4354,4647
4355,4648
4356,4649
4357,4650
4358,4651
4359,4652
4360,4653
4361,4654
4362,4655
4363,4656
4364,4657
4365,4658
4366,4659
4367,4660
4368,4661
4369,4662
4370,4663
4371,4664
4372,4665
4373,4666
4374,4667
4375,4668
4376,4669
4377,4670
4378,4671
4379,4672
4380,4673
4381,4674
4382,4675
4383,4676
4384,4677
4385,4678
4386,4679
4387,4680
4388,4681
4389,4682
4390,4683
4391,4684
4392,4685
4393,4686
4394,4687
4395,4688
4396,4689
4397,4690
4398,4691
4399,4692
4400,4693
4401,4694
4402,4695
4403,4696
4404,4697
4405,4698
4406,4699
4407,4700
4408,4701
4409,4702
4410,4703
4411,4704
4412,4705
4413,4706
4414,4707
4415,4708
4416,4709
4417,4710
4418,4711
4419,4712
4420,4713
4421,4714
4422,4715
4423,4716
4424,4717
4425,4718
4426,4719
4427,4720
4428,4721
4429,4722
4430,4723
4431,4724
4432,4725
4433,4726
4434,4727
4435,4728
4436,4729
4437,4730
4438,4731
4439,4732
4440,4733
4441,4734
4442,4735
4443,4736
4444,4737
4445,4738
4446,4739
4447,4740
4448,4741
4449,4742
4450,4743
4451,4744
4452,4745
4453,4746
4454,4747
4455,4748
4456,4749
4457,4750
4458,4751
4459,4752
4460,4753
4461,4754
4462,4755
4463,4756
4464,4757
4465,4758
4466,4759
4467,4760
4468,4761
4469,4762
4470,4763
4471,4764
4472,4765
4473,4766
4474,4767
4475,4768
4476,4769
4477,4770
4478,4771
4479,4772
4480,4773
4481,4774
4482,4775
4483,4776
4484,4777
4485,4778
4486,4779
4487,4780
4488,4781
4489,4782
4490,4783
4491,4784
4492,4785
4493,4786
4494,4787
4495,4788
4496,4789
4497,4790
4498,4791
4499,4792
4500,4793
4501,4794
4502,4795
4503,4796
4504,4797
4505,4798
4506,4799
4507,4800
4508,4801
4509,4802
4510,4803
4511,4804
4512,4805
4513,4806
4514,4807
4515,4808
4516,4809
4517,4810
4518,4811
4519,4812
4520,4813
4521,4814
4522,4815
4523,4816
4524,4817
4525,4818
4526,4819
4527,4820
4528,4821
4529,4822
4530,4823
4531,4824
4532,4825
4533,4826
4534,4827
4535,4828
4536,4829
4537,4830
4538,4831
4539,4832
4540,4833
4541,4834
4542,4835
4543,4836
4544,4837
4545,4838
4546,4839
4547,4840
4548,4841
4549,4842
4550,4843
4551,4844
4552,4845
4553,4846
4554,4847
4555,4848
4556,4849
4557,4850
4558,4851
4559,4852
4560,4853
4561,4854
4562,4855
4563,4856
4564,4857
4565,4858
4566,4859
4567,4860
4568,4861
4569,4862
4570,4863
4571,4864
4572,4865
4573,4866
4574,4867
4575,4868
4576,4869
4577,4871
4578,4872
4579,4873
4580,4874
4581,4875
4582,4876
4583,4877
4584,4878
4585,4879
4586,4880
4587,4881
4588,4882
4589,4883
4590,4884
4591,4885
4592,4886
4593,4887
4594,4888
4595,4889
4596,4890
4597,4891
4598,4892
4599,4893
4600,4894
4601,4895
4602,4896
4603,4897
4604,4898
4605,4899
4606,4900
4607,4901
4608,4902
4609,4903
4610,4904
4611,4905
4612,4906
4613,4907
4614,4908
4615,4909
4616,4910
4617,4911
4618,4912
4619,4913
4620,4914
4621,4915
4622,4916
4623,4917
4624,4918
4625,4919
4626,4920
4627,4921
4628,4922
4629,4927
4630,4928
4631,4929
4632,4931
4633,4932
4634,4933
4635,4934
4636,4936
4637,4938
4638,4939
4639,4940
4640,4941
4641,4942
4642,4943
4643,4944
4644,4945
4645,4946
4646,4947
4647,4948
4648,4949
4649,4950
4650,4951
4651,4952
4652,4953
4653,4954
4654,4955
4655,4956
4656,4957
4657,4958
4658,4959
4659,4960
4660,4961
4661,4962
4662,4963
4663,4964
4664,4965
4665,4966
4666,4967
4667,4968
4668,4969
4669,4970
4670,4971
4671,4972
4672,4973
4673,4974
4674,4975
4675,4976
4676,4977
4677,4978
4678,4979
4679,4980
4680,4981
4681,4982
4682,4983
4683,4984
4684,4986
4685,4987
4686,4988
4687,4989
4688,4990
4689,4991
4690,4992
4691,4993
4692,4994
4693,4995
4694,4996
4695,4997
4696,4998
4697,4999
4698,5000
4699,5001
4700,5002
4701,5003
4702,5004
4703,5005
4704,5006
4705,5007
4706,5008
4707,5009
4708,5010
4709,5011
4710,5012
4711,5013
4712,5014
4713,5015
4714,5016
4715,5017
4716,5018
4717,5019
4718,5020
4719,5021
4720,5022
4721,5023
4722,5024
4723,5025
4724,5026
4725,5027
4726,5028
4727,5029
4728,5030
4729,5031
4730,5032
4731,5033
4732,5034
4733,5035
4734,5036
4735,5037
4736,5038
4737,5039
4738,5040
4739,5041
4740,5042
4741,5043
4742,5044
4743,5045
4744,5046
4745,5047
4746,5048
4747,5049
4748,5050
4749,5051
4750,5052
4751,5053
4752,5054
4753,5055
4754,5056
4755,5057
4756,5058
4757,5059
4758,5060
4759,5061
4760,5063
4761,5064
4762,5065
4763,5066
4764,5067
4765,5068
4766,5069
4767,5070
4768,5071
4769,5072
4770,5073
4771,5074
4772,5075
4773,5076
4774,5077
4775,5079
4776,5080
4777,5081
4778,5082
4779,5083
4780,5084
4781,5085
4782,5086
4783,5087
4784,5088
4785,5089
4786,5090
4787,5091
4788,5092
4789,5093
4790,5094
4791,5095
4792,5096
4793,5097
4794,5098
4795,5099
4796,5100
4797,5101
4798,5102
4799,5103
4800,5104
4801,5105
4802,5106
4803,5107
4804,5108
4805,5109
4806,5110
4807,5111
4808,5112
4809,5113
4810,5114
4811,5115
4812,5116
4813,5117
4814,5118
4815,5119
4816,5121
4817,5122
4818,5123
4819,5124
4820,5128
4821,5129
4822,5130
4823,5131
4824,5132
4825,5133
4826,5134
4827,5135
4828,5136
4829,5137
4830,5138
4831,5139
4832,5140
4833,5141
4834,5142
4835,5143
4836,5144
4837,5145
4838,5146
4839,5147
4840,5148
4841,5149
4842,5150
4843,5151
4844,5152
4845,5153
4846,5154
4847,5155
4848,5156
4849,5157
4850,5158
4851,5160
4852,5161
4853,5162
4854,5163
4855,5164
4856,5165
4857,5166
4858,5167
4859,5168
4860,5169
4861,5170
4862,5171
4863,5172
4864,5173
4865,5174
4866,5175
4867,5176
4868,5177
4869,5178
4870,5179
4871,5180
4872,5181
4873,5182
4874,5183
4875,5184
4876,5185
4877,5186
4878,5187
4879,5188
4880,5189
4881,5190
4882,5191
4883,5192
4884,5193
4885,5194
4886,5196
4887,5197
4888,5198
4889,5199
4890,5200
4891,5201
4892,5202
4893,5203
4894,5204
4895,5205
4896,5206
4897,5207
4898,5208
4899,5209
4900,5210
4901,5211
4902,5212
4903,5213
4904,5214
4905,5215
4906,5216
4907,5217
4908,5218
4909,5219
4910,5220
4911,5221
4912,5222
4913,5223
4914,5224
4915,5225
4916,5226
4917,5227
4918,5228
4919,5229
4920,5230
4921,5231
4922,5232
4923,5233
4924,5234
4925,5235
4926,5236
4927,5237
4928,5238
4929,5239
4930,5240
4931,5241
4932,5242
4933,5243
4934,5244
4935,5245
4936,5246
4937,5247
4938,5248
4939,5249
4940,5250
4941,5251
4942,5252
4943,5253
4944,5254
4945,5255
4946,5256
4947,5257
4948,5258
4949,5259
4950,5260
4951,5261
4952,5262
4953,5263
4954,5264
4955,5265
4956,5266
4957,5267
4958,5268
4959,5269
4960,5270
4961,5271
4962,5272
4963,5273
4964,5274
4965,5275
4966,5276
4967,5277
4968,5278
4969,5279
4970,5280
4971,5281
4972,5282
4973,5300
4974,5301
4975,5302
4976,5303
4977,5305
4978,5306
4979,5308
4980,5309
4981,5310
4982,5311
4983,5312
4984,5313
4985,5314
4986,5315
4987,5316
4988,5317
4989,5318
4990,5319
4991,5321
4992,5322
4993,5323
4994,5324
4995,5325
4996,5326
4997,5327
4998,5328
4999,5329
5000,5330
5001,5331
5002,5332
5003,5333
5004,5334
5005,5335
5006,5336
5007,5337
5008,5338
5009,5339
5010,5340
5011,5341
5012,5342
5013,5343
5014,5344
5015,5345
5016,5346
5017,5347
5018,5348
5019,5349
5020,5350
5021,5352
5022,5353
5023,5354
5024,5355
5025,5356
5026,5357
5027,5358
5028,5359
5029,5360
5030,5361
5031,5362
5032,5363
5033,5364
5034,5365
5035,5366
5036,5367
5037,5368
5038,5369
5039,5370
5040,5371
5041,5372
5042,5373
5043,5374
5044,5375
5045,5376
5046,5377
5047,5378
5048,5379
5049,5380
5050,5381
5051,5382
5052,5383
5053,5384
5054,5385
5055,5386
5056,5387
5057,5388
5058,5389
5059,5390
5060,5391
5061,5392
5062,5393
5063,5394
5064,5395
5065,5396
5066,5397
5067,5398
5068,5399
5069,5400
5070,5401
5071,5402
5072,5403
5073,5404
5074,5405
5075,5406
5076,5407
5077,5408
5078,5409
5079,5410
5080,5411
5081,5412
5082,5413
5083,5414
5084,5415
5085,5416
5086,5417
5087,5418
5088,5419
5089,5420
5090,5421
5091,5423
5092,5424
5093,5425
5094,5427
5095,5428
5096,5429
5097,5430
5098,5431
5099,5432
5100,5433
5101,5434
5102,5435
5103,5436
5104,5437
5105,5438
5106,5439
5107,5440
5108,5441
5109,5442
5110,5443
5111,5444
5112,5445
5113,5446
5114,5447
5115,5448
5116,5449
5117,5450
5118,5451
5119,5452
5120,5453
5121,5454
5122,5455
5123,5456
5124,5457
5125,5458
5126,5459
5127,5460
5128,5461
5129,5462
5130,5463
5131,5464
5132,5465
5133,5466
5134,5467
5135,5468
5136,5469
5137,5470
5138,5471
5139,5472
5140,5473
5141,5474
5142,5475
5143,5476
5144,5477
5145,5478
5146,5479
5147,5483
5148,5484
5149,5485
5150,5486
5151,5487
5152,5488
5153,5489
5154,5490
5155,5491
5156,5492
5157,5493
5158,5494
5159,5495
5160,5496
5161,5497
5162,5498
5163,5499
5164,5500
5165,5501
5166,5502
5167,5503
5168,5505
5169,5506
5170,5507
5171,5508
5172,5509
5173,5510
5174,5511
5175,5512
5176,5513
5177,5514
5178,5515
5179,5516
5180,5517
5181,5518
5182,5519
5183,5520
5184,5521
5185,5522
5186,5523
5187,5524
5188,5525
5189,5526
5190,5527
5191,5528
5192,5529
5193,5530
5194,5531
5195,5532
5196,5533
5197,5534
5198,5535
5199,5536
5200,5538
5201,5539
5202,5541
5203,5542
5204,5543
5205,5544
5206,5545
5207,5546
5208,5547
5209,5548
5210,5549
5211,5550
5212,5551
5213,5552
5214,5553
5215,5554
5216,5555
5217,5556
5218,5557
5219,5558
5220,5559
5221,5560
5222,5561
5223,5562
5224,5564
5225,5565
5226,5566
5227,5567
5228,5568
5229,5569
5230,5570
5231,5571
5232,5572
5233,5573
5234,5574
5235,5575
5236,5576
5237,5577
5238,5578
5239,5579
5240,5580
5241,5581
5242,5582
5243,5583
5244,5584
5245,5585
5246,5586
5247,5587
5248,5588
5249,5589
5250,5590
5251,5591
5252,5592
5253,5593
5254,5594
5255,5595
5256,5596
5257,5597
5258,5598
5259,5599
5260,5600
5261,5601
5262,5602
5263,5603
5264,5604
5265,5605
5266,5606
5267,5607
5268,5608
5269,5609
5270,5610
5271,5611
5272,5612
5273,5613
5274,5614
5275,5615
5276,5616
5277,5617
5278,5618
5279,5619
5280,5620
5281,5621
5282,5622
5283,5623
5284,5624
5285,5625
5286,5626
5287,5627
5288,5628
5289,5629
5290,5630
5291,5631
5292,5632
5293,5633
5294,5634
5295,5635
5296,5636
5297,5637
5298,5638
5299,5639
5300,5640
5301,5641
5302,5642
5303,5643
5304,5645
5305,5646
5306,5647
5307,5648
5308,5649
5309,5652
5310,5653
5311,5654
5312,5655
5313,5656
5314,5658
5315,5659
5316,5681
5317,5682
5318,5683
5319,5685
5320,5686
5321,5687
5322,5688
5323,5689
5324,5690
5325,5692
5326,5693
5327,5694
5328,5695
5329,5696
5330,5698
5331,5699
5332,5700
5333,5701
5334,5702
5335,5703
5336,5704
5337,5705
5338,5706
5339,5708
5340,5709
5341,5710
5342,5711
5343,5712
5344,5713
5345,5714
5346,5715
5347,5716
5348,5717
5349,5718
5350,5719
5351,5720
5352,5721
5353,5722
5354,5723
5355,5724
5356,5725
5357,5726
5358,5727
5359,5728
5360,5729
5361,5730
5362,5731
5363,5732
5364,5733
5365,5734
5366,5735
5367,5736
5368,5737
5369,5738
5370,5739
5371,5740
5372,5741
5373,5742
5374,5743
5375,5744
5376,5745
5377,5746
5378,5747
5379,5748
5380,5749
5381,5750
5382,5751
5383,5752
5384,5753
5385,5754
5386,5756
5387,5757
5388,5758
5389,5759
5390,5760
5391,5761
5392,5762
5393,5763
5394,5764
5395,5765
5396,5766
5397,5767
5398,5768
5399,5769
5400,5770
5401,5771
5402,5772
5403,5773
5404,5774
5405,5775
5406,5776
5407,5777
5408,5778
5409,5779
5410,5780
5411,5781
5412,5782
5413,5783
5414,5785
5415,5786
5416,5787
5417,5788
5418,5790
5419,5791
5420,5792
5421,5793
5422,5794
5423,5795
5424,5796
5425,5797
5426,5798
5427,5799
5428,5800
5429,5801
5430,5802
5431,5803
5432,5804
5433,5805
5434,5806
5435,5807
5436,5808
5437,5809
5438,5810
5439,5811
5440,5812
5441,5813
5442,5814
5443,5815
5444,5816
5445,5817
5446,5818
5447,5819
5448,5820
5449,5821
5450,5822
5451,5823
5452,5824
5453,5825
5454,5826
5455,5827
5456,5828
5457,5829
5458,5830
5459,5832
5460,5833
5461,5834
5462,5835
5463,5836
5464,5837
5465,5838
5466,5839
5467,5840
5468,5841
5469,5842
5470,5843
5471,5844
5472,5845
5473,5846
5474,5847
5475,5848
5476,5849
5477,5850
5478,5851
5479,5852
5480,5853
5481,5854
5482,5855
5483,5856
5484,5857
5485,5858
5486,5859
5487,5860
5488,5861
5489,5862
5490,5863
5491,5864
5492,5865
5493,5866
5494,5867
5495,5868
5496,5869
5497,5870
5498,5871
5499,5872
5500,5873
5501,5874
5502,5875
5503,5877
5504,5878
5505,5879
5506,5880
5507,5881
5508,5882
5509,5883
5510,5884
5511,5885
5512,5886
5513,5887
5514,5888
5515,5889
5516,5890
5517,5891
5518,5892
5519,5893
5520,5894
5521,5895
5522,5896
5523,5897
5524,5898
5525,5899
5526,5900
5527,5901
5528,5902
5529,5903
5530,5904
5531,5905
5532,5906
5533,5907
5534,5908
5535,5909
5536,5910
5537,5911
5538,5912
5539,5913
5540,5914
5541,5915
5542,5916
5543,5917
5544,5918
5545,5919
5546,5920
5547,5921
5548,5922
5549,5923
5550,5924
5551,5925
5552,5926
5553,5927
5554,5928
5555,5929
5556,5930
5557,5931
5558,5932
5559,5933
5560,5934
5561,5935
5562,5936
5563,5937
5564,5938
5565,5939
5566,5940
5567,5941
5568,5942
5569,5943
5570,5944
5571,5945
5572,5946
5573,5947
5574,5948
5575,5949
5576,5950
5577,5951
5578,5952
5579,5953
5580,5954
5581,5955
5582,5956
5583,5957
5584,5958
5585,5959
5586,5960
5587,5961
5588,5962
5589,5963
5590,5964
5591,5965
5592,5966
5593,5967
5594,5968
5595,5969
5596,5970
5597,5971
5598,5972
5599,5973
5600,5974
5601,5975
5602,5976
5603,5977
5604,5978
5605,5979
5606,5980
5607,5981
5608,5982
5609,5983
5610,5984
5611,5985
5612,5986
5613,5987
5614,5988
5615,5989
5616,5990
5617,5991
5618,5992
5619,5993
5620,5994
5621,5995
5622,5996
5623,5997
5624,5998
5625,5999
5626,6000
5627,6001
5628,6002
5629,6003
5630,6004
5631,6005
5632,6006
5633,6007
5634,6008
5635,6009
5636,6010
5637,6011
5638,6012
5639,6013
5640,6014
5641,6015
5642,6016
5643,6017
5644,6018
5645,6019
5646,6020
5647,6021
5648,6022
5649,6023
5650,6024
5651,6025
5652,6026
5653,6027
5654,6028
5655,6029
5656,6030
5657,6031
5658,6032
5659,6033
5660,6034
5661,6035
5662,6036
5663,6037
5664,6038
5665,6039
5666,6040
5667,6041
5668,6042
5669,6043
5670,6044
5671,6045
5672,6046
5673,6047
5674,6048
5675,6049
5676,6050
5677,6051
5678,6052
5679,6053
5680,6054
5681,6055
5682,6056
5683,6057
5684,6058
5685,6059
5686,6060
5687,6061
5688,6062
5689,6063
5690,6064
5691,6065
5692,6066
5693,6067
5694,6068
5695,6069
5696,6070
5697,6071
5698,6072
5699,6073
5700,6074
5701,6075
5702,6076
5703,6077
5704,6078
5705,6079
5706,6080
5707,6081
5708,6082
5709,6083
5710,6084
5711,6085
5712,6086
5713,6087
5714,6088
5715,6089
5716,6090
5717,6091
5718,6092
5719,6093
5720,6094
5721,6095
5722,6096
5723,6097
5724,6098
5725,6099
5726,6100
5727,6101
5728,6102
5729,6103
5730,6104
5731,6105
5732,6106
5733,6107
5734,6108
5735,6109
5736,6110
5737,6111
5738,6112
5739,6113
5740,6114
5741,6115
5742,6116
5743,6117
5744,6118
5745,6119
5746,6120
5747,6121
5748,6122
5749,6123
5750,6124
5751,6125
5752,6126
5753,6127
5754,6128
5755,6129
5756,6130
5757,6131
5758,6132
5759,6133
5760,6134
5761,6135
5762,6136
5763,6137
5764,6138
5765,6139
5766,6140
5767,6141
5768,6142
5769,6143
5770,6144
5771,6145
5772,6146
5773,6147
5774,6148
5775,6149
5776,6150
5777,6151
5778,6152
5779,6153
5780,6154
5781,6155
5782,6156
5783,6157
5784,6158
5785,6159
5786,6160
5787,6161
5788,6162
5789,6163
5790,6164
5791,6165
5792,6166
5793,6167
5794,6168
5795,6169
5796,6170
5797,6171
5798,6172
5799,6173
5800,6174
5801,6175
5802,6176
5803,6177
5804,6178
5805,6179
5806,6180
5807,6181
5808,6182
5809,6183
5810,6184
5811,6185
5812,6186
5813,6187
5814,6188
5815,6189
5816,6190
5817,6191
5818,6192
5819,6193
5820,6194
5821,6195
5822,6196
5823,6197
5824,6198
5825,6199
5826,6200
5827,6201
5828,6202
5829,6203
5830,6204
5831,6206
5832,6207
5833,6208
5834,6209
5835,6210
5836,6211
5837,6212
5838,6213
5839,6214
5840,6215
5841,6216
5842,6217
5843,6218
5844,6219
5845,6220
5846,6221
5847,6223
5848,6224
5849,6225
5850,6226
5851,6227
5852,6228
5853,6229
5854,6230
5855,6231
5856,6232
5857,6233
5858,6234
5859,6235
5860,6236
5861,6237
5862,6238
5863,6239
5864,6240
5865,6241
5866,6242
5867,6243
5868,6244
5869,6245
5870,6246
5871,6247
5872,6248
5873,6249
5874,6250
5875,6251
5876,6252
5877,6253
5878,6254
5879,6255
5880,6256
5881,6257
5882,6258
5883,6259
5884,6260
5885,6261
5886,6263
5887,6264
5888,6265
5889,6266
5890,6267
5891,6268
5892,6269
5893,6270
5894,6272
5895,6273
5896,6274
5897,6275
5898,6276
5899,6277
5900,6278
5901,6279
5902,6280
5903,6281
5904,6282
5905,6283
5906,6284
5907,6285
5908,6286
5909,6287
5910,6288
5911,6289
5912,6290
5913,6291
5914,6292
5915,6293
5916,6294
5917,6295
5918,6296
5919,6297
5920,6298
5921,6299
5922,6300
5923,6301
5924,6302
5925,6303
5926,6304
5927,6305
5928,6306
5929,6307
5930,6308
5931,6310
5932,6311
5933,6312
5934,6313
5935,6314
5936,6315
5937,6316
5938,6317
5939,6318
5940,6319
5941,6320
5942,6321
5943,6322
5944,6323
5945,6324
5946,6325
5947,6326
5948,6327
5949,6328
5950,6329
5951,6330
5952,6331
5953,6332
5954,6333
5955,6334
5956,6335
5957,6336
5958,6337
5959,6338
5960,6339
5961,6340
5962,6341
5963,6342
5964,6343
5965,6344
5966,6345
5967,6346
5968,6347
5969,6348
5970,6349
5971,6350
5972,6351
5973,6352
5974,6353
5975,6354
5976,6355
5977,6356
5978,6357
5979,6358
5980,6359
5981,6360
5982,6361
5983,6362
5984,6363
5985,6364
5986,6365
5987,6366
5988,6367
5989,6368
5990,6369
5991,6370
5992,6371
5993,6372
5994,6373
5995,6374
5996,6375
5997,6376
5998,6377
5999,6378
6000,6379
6001,6380
6002,6381
6003,6382
6004,6383
6005,6384
6006,6385
6007,6386
6008,6387
6009,6388
6010,6389
6011,6390
6012,6391
6013,6392
6014,6393
6015,6394
6016,6395
6017,6396
6018,6397
6019,6398
6020,6399
6021,6400
6022,6401
6023,6402
6024,6403
6025,6404
6026,6405
6027,6406
6028,6407
6029,6408
6030,6409
6031,6410
6032,6411
6033,6412
6034,6413
6035,6414
6036,6415
6037,6416
6038,6417
6039,6418
6040,6419
6041,6420
6042,6421
6043,6422
6044,6423
6045,6424
6046,6425
6047,6426
6048,6427
6049,6428
6050,6429
6051,6430
6052,6431
6053,6432
6054,6433
6055,6434
6056,6435
6057,6436
6058,6437
6059,6438
6060,6439
6061,6440
6062,6441
6063,6442
6064,6443
6065,6444
6066,6445
6067,6446
6068,6447
6069,6448
6070,6449
6071,6450
6072,6451
6073,6452
6074,6453
6075,6454
6076,6455
6077,6456
6078,6457
6079,6458
6080,6459
6081,6460
6082,6461
6083,6462
6084,6463
6085,6464
6086,6465
6087,6466
6088,6467
6089,6468
6090,6469
6091,6470
6092,6471
6093,6472
6094,6473
6095,6474
6096,6475
6097,6476
6098,6477
6099,6478
6100,6479
6101,6480
6102,6481
6103,6482
6104,6483
6105,6484
6106,6485
6107,6486
6108,6487
6109,6488
6110,6489
6111,6490
6112,6491
6113,6492
6114,6493
6115,6494
6116,6495
6117,6496
6118,6497
6119,6498
6120,6499
6121,6500
6122,6501
6123,6502
6124,6503
6125,6504
6126,6505
6127,6506
6128,6507
6129,6508
6130,6509
6131,6510
6132,6511
6133,6512
6134,6513
6135,6514
6136,6515
6137,6516
6138,6517
6139,6518
6140,6519
6141,6520
6142,6521
6143,6522
6144,6523
6145,6524
6146,6525
6147,6526
6148,6527
6149,6528
6150,6529
6151,6530
6152,6531
6153,6532
6154,6533
6155,6534
6156,6535
6157,6536
6158,6537
6159,6539
6160,6540
6161,6541
6162,6542
6163,6543
6164,6544
6165,6545
6166,6546
6167,6547
6168,6548
6169,6549
6170,6550
6171,6551
6172,6552
6173,6553
6174,6554
6175,6555
6176,6556
6177,6557
6178,6558
6179,6559
6180,6560
6181,6561
6182,6562
6183,6563
6184,6564
6185,6565
6186,6566
6187,6567
6188,6568
6189,6569
6190,6570
6191,6571
6192,6572
6193,6573
6194,6574
6195,6575
6196,6576
6197,6577
6198,6578
6199,6579
6200,6580
6201,6583
6202,6584
6203,6585
6204,6588
6205,6589
6206,6590
6207,6591
6208,6592
6209,6593
6210,6594
6211,6595
6212,6599
6213,6600
6214,6601
6215,6602
6216,6603
6217,6604
6218,6606
6219,6607
6220,6608
6221,6609
6222,6615
6223,6616
6224,6617
6225,6626
6226,6627
6227,6628
6228,6629
6229,6630
6230,6631
6231,6632
6232,6633
6233,6634
6234,6635
6235,6636
6236,6637
6237,6638
6238,6639
6239,6640
6240,6641
6241,6642
6242,6643
6243,6644
6244,6645
6245,6646
6246,6647
6247,6648
6248,6649
6249,6650
6250,6651
6251,6652
6252,6653
6253,6654
6254,6655
6255,6656
6256,6657
6257,6658
6258,6659
6259,6660
6260,6661
6261,6662
6262,6663
6263,6664
6264,6665
6265,6666
6266,6667
6267,6668
6268,6669
6269,6670
6270,6671
6271,6672
6272,6673
6273,6674
6274,6675
6275,6676
6276,6677
6277,6678
6278,6679
6279,6680
6280,6681
6281,6682
6282,6683
6283,6684
6284,6685
6285,6686
6286,6687
6287,6688
6288,6689
6289,6690
6290,6691
6291,6692
6292,6693
6293,6694
6294,6695
6295,6696
6296,6697
6297,6698
6298,6699
6299,6700
6300,6701
6301,6702
6302,6703
6303,6704
6304,6705
6305,6706
6306,6707
6307,6708
6308,6709
6309,6710
6310,6711
6311,6712
6312,6713
6313,6714
6314,6715
6315,6716
6316,6717
6317,6718
6318,6719
6319,6720
6320,6721
6321,6722
6322,6723
6323,6724
6324,6725
6325,6726
6326,6727
6327,6728
6328,6729
6329,6730
6330,6731
6331,6732
6332,6733
6333,6734
6334,6735
6335,6736
6336,6737
6337,6738
6338,6739
6339,6740
6340,6741
6341,6742
6342,6743
6343,6744
6344,6745
6345,6746
6346,6747
6347,6748
6348,6749
6349,6750
6350,6751
6351,6752
6352,6753
6353,6754
6354,6755
6355,6756
6356,6757
6357,6758
6358,6759
6359,6760
6360,6761
6361,6762
6362,6763
6363,6764
6364,6765
6365,6766
6366,6767
6367,6768
6368,6769
6369,6770
6370,6771
6371,6772
6372,6773
6373,6774
6374,6775
6375,6776
6376,6777
6377,6778
6378,6779
6379,6780
6380,6781
6381,6782
6382,6783
6383,6784
6384,6785
6385,6786
6386,6787
6387,6788
6388,6789
6389,6790
6390,6791
6391,6792
6392,6793
6393,6794
6394,6796
6395,6797
6396,6798
6397,6799
6398,6800
6399,6801
6400,6802
6401,6803
6402,6804
6403,6805
6404,6806
6405,6807
6406,6808
6407,6809
6408,6810
6409,6811
6410,6812
6411,6813
6412,6814
6413,6815
6414,6816
6415,6817
6416,6818
6417,6819
6418,6820
6419,6821
6420,6822
6421,6823
6422,6824
6423,6825
6424,6826
6425,6827
6426,6828
6427,6829
6428,6830
6429,6831
6430,6832
6431,6833
6432,6834
6433,6835
6434,6836
6435,6837
6436,6838
6437,6839
6438,6840
6439,6841
6440,6842
6441,6843
6442,6844
6443,6845
6444,6846
6445,6847
6446,6848
6447,6849
6448,6850
6449,6851
6450,6852
6451,6853
6452,6854
6453,6855
6454,6856
6455,6857
6456,6858
6457,6859
6458,6860
6459,6861
6460,6862
6461,6863
6462,6864
6463,6865
6464,6866
6465,6867
6466,6868
6467,6869
6468,6870
6469,6871
6470,6872
6471,6873
6472,6874
6473,6875
6474,6876
6475,6877
6476,6878
6477,6879
6478,6880
6479,6881
6480,6882
6481,6883
6482,6884
6483,6885
6484,6886
6485,6887
6486,6888
6487,6889
6488,6890
6489,6891
6490,6892
6491,6893
6492,6894
6493,6895
6494,6896
6495,6897
6496,6898
6497,6899
6498,6900
6499,6901
6500,6902
6501,6903
6502,6904
6503,6905
6504,6906
6505,6907
6506,6908
6507,6909
6508,6910
6509,6911
6510,6912
6511,6913
6512,6914
6513,6915
6514,6916
6515,6917
6516,6918
6517,6919
6518,6920
6519,6921
6520,6922
6521,6923
6522,6924
6523,6925
6524,6926
6525,6928
6526,6929
6527,6930
6528,6931
6529,6932
6530,6933
6531,6934
6532,6935
6533,6936
6534,6937
6535,6938
6536,6939
6537,6940
6538,6941
6539,6942
6540,6943
6541,6945
6542,6946
6543,6947
6544,6948
6545,6949
6546,6950
6547,6951
6548,6952
6549,6953
6550,6954
6551,6955
6552,6956
6553,6960
6554,6961
6555,6962
6556,6964
6557,6965
6558,6966
6559,6967
6560,6968
6561,6969
6562,6970
6563,6971
6564,6973
6565,6974
6566,6975
6567,6976
6568,6977
6569,6978
6570,6979
6571,6980
6572,6981
6573,6982
6574,6983
6575,6984
6576,6985
6577,6986
6578,6987
6579,6988
6580,6989
6581,6990
6582,6991
6583,6992
6584,6993
6585,6994
6586,6995
6587,6996
6588,6997
6589,6998
6590,7000
6591,7001
6592,7002
6593,7003
6594,7004
6595,7005
6596,7006
6597,7007
6598,7009
6599,7010
6600,7011
6601,7012
6602,7014
6603,7015
6604,7016
6605,7017
6606,7018
6607,7019
6608,7020
6609,7021
6610,7022
6611,7023
6612,7026
6613,7027
6614,7028
6615,7029
6616,7030
6617,7031
6618,7032
6619,7033
6620,7034
6621,7035
6622,7036
6623,7037
6624,7038
6625,7039
6626,7040
6627,7041
6628,7042
6629,7043
6630,7044
6631,7045
6632,7046
6633,7047
6634,7048
6635,7049
6636,7050
6637,7051
6638,7052
6639,7053
6640,7054
6641,7055
6642,7057
6643,7058
6644,7059
6645,7060
6646,7061
6647,7062
6648,7063
6649,7064
6650,7065
6651,7066
6652,7067
6653,7068
6654,7069
6655,7070
6656,7071
6657,7072
6658,7073
6659,7074
6660,7075
6661,7076
6662,7077
6663,7078
6664,7079
6665,7080
6666,7081
6667,7082
6668,7083
6669,7084
6670,7085
6671,7086
6672,7087
6673,7088
6674,7089
6675,7090
6676,7091
6677,7092
6678,7093
6679,7094
6680,7095
6681,7096
6682,7097
6683,7098
6684,7099
6685,7100
6686,7101
6687,7102
6688,7103
6689,7104
6690,7105
6691,7106
6692,7107
6693,7108
6694,7109
6695,7110
6696,7111
6697,7112
6698,7113
6699,7114
6700,7115
6701,7116
6702,7117
6703,7118
6704,7119
6705,7120
6706,7121
6707,7122
6708,7123
6709,7124
6710,7125
6711,7126
6712,7127
6713,7128
6714,7129
6715,7130
6716,7131
6717,7132
6718,7133
6719,7134
6720,7135
6721,7136
6722,7137
6723,7138
6724,7139
6725,7140
6726,7141
6727,7142
6728,7143
6729,7144
6730,7145
6731,7146
6732,7147
6733,7148
6734,7149
6735,7150
6736,7151
6737,7152
6738,7153
6739,7154
6740,7155
6741,7156
6742,7157
6743,7158
6744,7159
6745,7160
6746,7161
6747,7162
6748,7163
6749,7164
6750,7165
6751,7166
6752,7167
6753,7168
6754,7169
6755,7170
6756,7171
6757,7172
6758,7173
6759,7174
6760,7175
6761,7176
6762,7177
6763,7178
6764,7179
6765,7180
6766,7181
6767,7182
6768,7183
6769,7184
6770,7187
6771,7190
6772,7191
6773,7192
6774,7193
6775,7194
6776,7195
6777,7196
6778,7197
6779,7198
6780,7199
6781,7200
6782,7201
6783,7202
6784,7203
6785,7204
6786,7205
6787,7206
6788,7207
6789,7208
6790,7210
6791,7211
6792,7212
6793,7213
6794,7214
6795,7215
6796,7216
6797,7217
6798,7218
6799,7219
6800,7220
6801,7221
6802,7222
6803,7223
6804,7224
6805,7225
6806,7226
6807,7227
6808,7228
6809,7229
6810,7230
6811,7231
6812,7232
6813,7233
6814,7234
6815,7235
6816,7236
6817,7237
6818,7238
6819,7239
6820,7240
6821,7241
6822,7242
6823,7243
6824,7244
6825,7245
6826,7246
6827,7247
6828,7248
6829,7249
6830,7250
6831,7251
6832,7252
6833,7253
6834,7254
6835,7255
6836,7256
6837,7257
6838,7258
6839,7259
6840,7260
6841,7261
6842,7262
6843,7263
6844,7264
6845,7265
6846,7266
6847,7267
6848,7268
6849,7269
6850,7270
6851,7271
6852,7272
6853,7273
6854,7274
6855,7275
6856,7276
6857,7277
6858,7278
6859,7279
6860,7280
6861,7281
6862,7282
6863,7283
6864,7284
6865,7285
6866,7286
6867,7287
6868,7288
6869,7289
6870,7290
6871,7291
6872,7292
6873,7293
6874,7294
6875,7295
6876,7296
6877,7297
6878,7298
6879,7299
6880,7300
6881,7301
6882,7302
6883,7303
6884,7304
6885,7305
6886,7306
6887,7307
6888,7308
6889,7309
6890,7310
6891,7311
6892,7312
6893,7313
6894,7314
6895,7315
6896,7316
6897,7317
6898,7318
6899,7319
6900,7320
6901,7323
6902,7324
6903,7325
6904,7326
6905,7327
6906,7328
6907,7329
6908,7330
6909,7331
6910,7332
6911,7333
6912,7334
6913,7335
6914,7336
6915,7337
6916,7340
6917,7341
6918,7342
6919,7343
6920,7344
6921,7345
6922,7346
6923,7347
6924,7348
6925,7349
6926,7350
6927,7351
6928,7352
6929,7353
6930,7354
6931,7355
6932,7356
6933,7357
6934,7358
6935,7359
6936,7360
6937,7361
6938,7362
6939,7363
6940,7364
6941,7365
6942,7366
6943,7367
6944,7368
6945,7369
6946,7370
6947,7371
6948,7372
6949,7373
6950,7374
6951,7375
6952,7376
6953,7377
6954,7378
6955,7379
6956,7380
6957,7381
6958,7382
6959,7383
6960,7384
6961,7385
6962,7386
6963,7387
6964,7388
6965,7389
6966,7390
6967,7391
6968,7392
6969,7393
6970,7394
6971,7395
6972,7396
6973,7397
6974,7398
6975,7399
6976,7400
6977,7401
6978,7402
6979,7403
6980,7404
6981,7405
6982,7406
6983,7407
6984,7408
6985,7409
6986,7410
6987,7411
6988,7412
6989,7413
6990,7414
6991,7415
6992,7416
6993,7417
6994,7418
6995,7419
6996,7420
6997,7421
6998,7422
6999,7423
7000,7424
7001,7425
7002,7426
7003,7427
7004,7428
7005,7429
7006,7430
7007,7431
7008,7432
7009,7433
7010,7434
7011,7435
7012,7436
7013,7437
7014,7438
7015,7439
7016,7440
7017,7441
7018,7442
7019,7443
7020,7444
7021,7445
7022,7446
7023,7447
7024,7448
7025,7449
7026,7450
7027,7451
7028,7452
7029,7453
7030,7454
7031,7455
7032,7456
7033,7457
7034,7458
7035,7459
7036,7460
7037,7461
7038,7462
7039,7463
7040,7464
7041,7465
7042,7466
7043,7467
7044,7468
7045,7469
7046,7470
7047,7471
7048,7472
7049,7473
7050,7474
7051,7475
7052,7476
7053,7477
7054,7478
7055,7479
7056,7480
7057,7481
7058,7482
7059,7483
7060,7484
7061,7485
7062,7486
7063,7487
7064,7488
7065,7489
7066,7490
7067,7491
7068,7492
7069,7493
7070,7494
7071,7495
7072,7496
7073,7497
7074,7498
7075,7499
7076,7500
7077,7501
7078,7502
7079,7503
7080,7504
7081,7505
7082,7506
7083,7507
7084,7508
7085,7509
7086,7510
7087,7511
7088,7512
7089,7513
7090,7514
7091,7515
7092,7516
7093,7517
7094,7518
7095,7519
7096,7520
7097,7521
7098,7522
7099,7523
7100,7524
7101,7525
7102,7526
7103,7527
7104,7528
7105,7529
7106,7530
7107,7531
7108,7532
7109,7533
7110,7535
7111,7536
7112,7538
7113,7539
7114,7540
7115,7541
7116,7542
7117,7543
7118,7544
7119,7545
7120,7546
7121,7547
7122,7548
7123,7549
7124,7550
7125,7551
7126,7552
7127,7553
7128,7554
7129,7555
7130,7556
7131,7557
7132,7558
7133,7559
7134,7560
7135,7561
7136,7562
7137,7563
7138,7564
7139,7565
7140,7566
7141,7567
7142,7568
7143,7569
7144,7570
7145,7571
7146,7572
7147,7573
7148,7574
7149,7575
7150,7576
7151,7577
7152,7578
7153,7579
7154,7580
7155,7581
7156,7582
7157,7583
7158,7584
7159,7585
7160,7586
7161,7587
7162,7588
7163,7589
7164,7590
7165,7591
7166,7592
7167,7593
7168,7594
7169,7595
7170,7596
7171,7597
7172,7598
7173,7599
7174,7600
7175,7601
7176,7602
7177,7603
7178,7604
7179,7605
7180,7606
7181,7607
7182,7608
7183,7609
7184,7610
7185,7611
7186,7612
7187,7613
7188,7614
7189,7615
7190,7616
7191,7617
7192,7618
7193,7619
7194,7620
7195,7621
7196,7622
7197,7623
7198,7624
7199,7625
7200,7626
7201,7627
7202,7628
7203,7629
7204,7630
7205,7631
7206,7632
7207,7633
7208,7634
7209,7635
7210,7636
7211,7637
7212,7638
7213,7639
7214,7640
7215,7641
7216,7642
7217,7643
7218,7644
7219,7645
7220,7646
7221,7647
7222,7648
7223,7649
7224,7650
7225,7651
7226,7652
7227,7653
7228,7654
7229,7655
7230,7656
7231,7657
7232,7658
7233,7659
7234,7660
7235,7661
7236,7662
7237,7663
7238,7664
7239,7665
7240,7666
7241,7667
7242,7669
7243,7670
7244,7671
7245,7672
7246,7673
7247,7674
7248,7675
7249,7676
7250,7677
7251,7678
7252,7679
7253,7680
7254,7681
7255,7682
7256,7683
7257,7684
7258,7685
7259,7686
7260,7687
7261,7688
7262,7689
7263,7690
7264,7691
7265,7692
7266,7694
7267,7695
7268,7696
7269,7697
7270,7698
7271,7701
7272,7702
7273,7705
7274,7708
7275,7709
7276,7710
7277,7711
7278,7712
7279,7713
7280,7714
7281,7715
7282,7716
7283,7717
7284,7718
7285,7719
7286,7720
7287,7721
7288,7722
7289,7723
7290,7724
7291,7726
7292,7727
7293,7728
7294,7729
7295,7730
7296,7731
7297,7733
7298,7734
7299,7735
7300,7736
7301,7737
7302,7738
7303,7739
7304,7740
7305,7741
7306,7742
7307,7743
7308,7744
7309,7745
7310,7746
7311,7747
7312,7749
7313,7750
7314,7751
7315,7752
7316,7753
7317,7754
7318,7755
7319,7756
7320,7757
7321,7758
7322,7763
7323,7764
7324,7765
7325,7766
7326,7767
7327,7768
7328,7769
7329,7771
7330,7772
7331,7773
7332,7774
7333,7775
7334,7776
7335,7777
7336,7778
7337,7779
7338,7780
7339,7781
7340,7782
7341,7783
7342,7784
7343,7785
7344,7786
7345,7787
7346,7788
7347,7789
7348,7790
7349,7791
7350,7792
7351,7793
7352,7794
7353,7795
7354,7796
7355,7797
7356,7798
7357,7799
7358,7800
7359,7801
7360,7802
7361,7803
7362,7804
7363,7805
7364,7806
7365,7807
7366,7808
7367,7809
7368,7810
7369,7811
7370,7812
7371,7813
7372,7814
7373,7815
7374,7816
7375,7818
7376,7819
7377,7820
7378,7821
7379,7822
7380,7823
7381,7825
7382,7826
7383,7827
7384,7828
7385,7829
7386,7830
7387,7831
7388,7832
7389,7833
7390,7834
7391,7835
7392,7836
7393,7837
7394,7838
7395,7839
7396,7840
7397,7841
7398,7842
7399,7843
7400,7844
7401,7845
7402,7846
7403,7847
7404,7848
7405,7849
7406,7850
7407,7851
7408,7852
7409,7853
7410,7854
7411,7855
7412,7856
7413,7857
7414,7858
7415,7859
7416,7860
7417,7861
7418,7863
7419,7864
7420,7865
7421,7866
7422,7867
7423,7868
7424,7869
7425,7870
7426,7872
7427,7873
7428,7874
7429,7875
7430,7876
7431,7877
7432,7879
7433,7880
7434,7881
7435,7882
7436,7883
7437,7884
7438,7885
7439,7886
7440,7887
7441,7888
7442,7889
7443,7890
7444,7891
7445,7892
7446,7893
7447,7894
7448,7895
7449,7896
7450,7897
7451,7898
7452,7899
7453,7900
7454,7903
7455,7904
7456,7905
7457,7906
7458,7907
7459,7908
7460,7909
7461,7910
7462,7911
7463,7912
7464,7913
7465,7914
7466,7915
7467,7916
7468,7918
7469,7919
7470,7920
7471,7921
7472,7922
7473,7923
7474,7924
7475,7925
7476,7926
7477,7927
7478,7928
7479,7929
7480,7933
7481,7934
7482,7935
7483,7936
7484,7937
7485,7940
7486,7941
7487,7942
7488,7943
7489,7944
7490,7945
7491,7946
7492,7947
7493,7948
7494,7949
7495,7950
7496,7951
7497,7952
7498,7953
7499,7954
7500,7955
7501,7956
7502,7957
7503,7958
7504,7959
7505,7960
7506,7961
7507,7962
7508,7963
7509,7964
7510,7965
7511,7966
7512,7967
7513,7968
7514,7969
7515,7970
7516,7972
7517,7973
7518,7974
7519,7975
7520,7976
7521,7977
7522,7978
7523,7979
7524,7980
7525,7981
7526,7982
7527,7983
7528,7984
7529,7985
7530,7986
7531,7987
7532,7988
7533,7989
7534,7990
7535,7991
7536,7992
7537,7993
7538,7994
7539,7995
7540,7996
7541,7997
7542,7998
7543,7999
7544,8000
7545,8001
7546,8002
7547,8003
7548,8004
7549,8005
7550,8006
7551,8007
7552,8008
7553,8009
7554,8010
7555,8011
7556,8012
7557,8013
7558,8014
7559,8016
7560,8018
7561,8019
7562,8021
7563,8035
7564,8050
7565,8082
7566,8085
7567,8097
7568,8098
7569,8105
7570,8106
7571,8109
7572,8141
7573,8145
7574,8172
7575,8176
7576,8177
7577,8179
7578,8182
7579,8184
7580,8186
7581,8188
7582,8189
7583,8193
7584,8194
7585,8195
7586,8196
7587,8197
7588,8198
7589,8199
7590,8225
7591,8226
7592,8227
7593,8228
7594,8229
7595,8230
7596,8231
7597,8232
7598,8233
7599,8234
7600,8235
7601,8236
7602,8237
7603,8238
7604,8239
7605,8240
7606,8241
7607,8242
7608,8243
7609,8244
7610,8245
7611,8246
7612,8247
7613,8248
7614,8249
7615,8250
7616,8251
7617,8252
7618,8253
7619,8254
7620,8255
7621,8256
7622,8257
7623,8258
7624,8259
7625,8260
7626,8261
7627,8262
7628,8263
7629,8264
7630,8265
7631,8266
7632,8267
7633,8268
7634,8269
7635,8270
7636,8271
7637,8272
7638,8273
7639,8274
7640,8275
7641,8276
7642,8277
7643,8278
7644,8279
7645,8280
7646,8281
7647,8282
7648,8283
7649,8284
7650,8285
7651,8286
7652,8287
7653,8288
7654,8289
7655,8290
7656,8291
7657,8292
7658,8293
7659,8294
7660,8295
7661,8296
7662,8297
7663,8298
7664,8299
7665,8300
7666,8301
7667,8302
7668,8303
7669,8304
7670,8305
7671,8306
7672,8307
7673,8308
7674,8309
7675,8310
7676,8311
7677,8312
7678,8313
7679,8314
7680,8315
7681,8316
7682,8317
7683,8318
7684,8319
7685,8320
7686,8321
7687,8322
7688,8323
7689,8324
7690,8325
7691,8326
7692,8327
7693,8328
7694,8329
7695,8330
7696,8331
7697,8332
7698,8333
7699,8334
7700,8335
7701,8336
7702,8337
7703,8338
7704,8339
7705,8340
7706,8341
7707,8342
7708,8343
7709,8344
7710,8345
7711,8346
7712,8347
7713,8348
7714,8349
7715,8350
7716,8351
7717,8352
7718,8353
7719,8354
7720,8355
7721,8356
7722,8357
7723,8358
7724,8359
7725,8360
7726,8361
7727,8362
7728,8363
7729,8364
7730,8365
7731,8366
7732,8367
7733,8368
7734,8369
7735,8370
7736,8371
7737,8372
7738,8373
7739,8374
7740,8375
7741,8376
7742,8377
7743,8378
7744,8379
7745,8380
7746,8381
7747,8382
7748,8383
7749,8384
7750,8385
7751,8386
7752,8387
7753,8388
7754,8389
7755,8390
7756,8391
7757,8392
7758,8393
7759,8394
7760,8395
7761,8396
7762,8397
7763,8398
7764,8399
7765,8400
7766,8401
7767,8402
7768,8403
7769,8404
7770,8405
7771,8406
7772,8407
7773,8408
7774,8409
7775,8410
7776,8411
7777,8412
7778,8413
7779,8414
7780,8415
7781,8416
7782,8417
7783,8418
7784,8419
7785,8420
7786,8421
7787,8422
7788,8423
7789,8424
7790,8425
7791,8426
7792,8427
7793,8428
7794,8429
7795,8430
7796,8431
7797,8432
7798,8433
7799,8434
7800,8435
7801,8436
7802,8437
7803,8438
7804,8439
7805,8440
7806,8441
7807,8442
7808,8443
7809,8444
7810,8445
7811,8446
7812,8447
7813,8448
7814,8449
7815,8450
7816,8451
7817,8452
7818,8453
7819,8454
7820,8455
7821,8456
7822,8457
7823,8458
7824,8459
7825,8460
7826,8461
7827,8462
7828,8463
7829,8464
7830,8465
7831,8466
7832,8467
7833,8468
7834,8469
7835,8470
7836,8471
7837,8472
7838,8473
7839,8474
7840,8475
7841,8476
7842,8477
7843,8478
7844,8479
7845,8480
7846,8481
7847,8482
7848,8483
7849,8484
7850,8485
7851,8486
7852,8487
7853,8488
7854,8489
7855,8490
7856,8491
7857,8492
7858,8493
7859,8494
7860,8495
7861,8496
7862,8497
7863,8498
7864,8499
7865,8500
7866,8501
7867,8502
7868,8503
7869,8504
7870,8505
7871,8506
7872,8507
7873,8508
7874,8509
7875,8510
7876,8511
7877,8512
7878,8513
7879,8514
7880,8515
7881,8516
7882,8517
7883,8518
7884,8519
7885,8520
7886,8521
7887,8522
7888,8523
7889,8524
7890,8525
7891,8526
7892,8527
7893,8528
7894,8529
7895,8530
7896,8531
7897,8532
7898,8533
7899,8534
7900,8535
7901,8536
7902,8537
7903,8538
7904,8539
7905,8540
7906,8541
7907,8542
7908,8543
7909,8544
7910,8545
7911,8546
7912,8547
7913,8551
7914,8552
7915,8553
7916,8554
7917,8555
7918,8556
7919,8557
7920,8558
7921,8559
7922,8560
7923,8561
7924,8562
7925,8563
7926,8564
7927,8565
7928,8566
7929,8567
7930,8568
7931,8569
7932,8570
7933,8571
7934,8572
7935,8573
7936,8574
7937,8575
7938,8576
7939,8577
7940,8578
7941,8579
7942,8580
7943,8581
7944,8582
7945,8583
7946,8584
7947,8585
7948,8586
7949,8587
7950,8588
7951,8589
7952,8590
7953,8591
7954,8592
7955,8593
7956,8594
7957,8595
7958,8596
7959,8597
7960,8598
7961,8599
7962,8600
7963,8601
7964,8602
7965,8603
7966,8604
7967,8605
7968,8606
7969,8607
7970,8608
7971,8609
7972,8610
7973,8611
7974,8612
7975,8613
7976,8614
7977,8615
7978,8616
7979,8617
7980,8618
7981,8619
7982,8620
7983,8621
7984,8622
7985,8623
7986,8624
7987,8625
7988,8626
7989,8627
7990,8628
7991,8629
7992,8630
7993,8631
7994,8632
7995,8633
7996,8634
7997,8635
7998,8636
7999,8637
8000,8639
8001,8640
8002,8641
8003,8642
8004,8643
8005,8644
8006,8645
8007,8646
8008,8647
8009,8648
8010,8649
8011,8650
8012,8651
8013,8652
8014,8653
8015,8654
8016,8655
8017,8656
8018,8657
8019,8658
8020,8659
8021,8660
8022,8661
8023,8662
8024,8663
8025,8664
8026,8665
8027,8666
8028,8667
8029,8668
8030,8669
8031,8670
8032,8671
8033,8672
8034,8673
8035,8674
8036,8675
8037,8676
8038,8677
8039,8678
8040,8679
8041,8680
8042,8681
8043,8682
8044,8683
8045,8684
8046,8685
8047,8686
8048,8687
8049,8688
8050,8689
8051,8690
8052,8691
8053,8692
8054,8693
8055,8694
8056,8695
8057,8696
8058,8697
8059,8698
8060,8699
8061,8700
8062,8701
8063,8702
8064,8703
8065,8704
8066,8705
8067,8706
8068,8707
8069,8708
8070,8709
8071,8710
8072,8711
8073,8712
8074,8713
8075,8714
8076,8715
8077,8716
8078,8717
8079,8718
8080,8719
8081,8720
8082,8721
8083,8722
8084,8723
8085,8724
8086,8725
8087,8726
8088,8727
8089,8728
8090,8729
8091,8730
8092,8731
8093,8732
8094,8733
8095,8734
8096,8735
8097,8736
8098,8737
8099,8738
8100,8739
8101,8740
8102,8742
8103,8743
8104,8744
8105,8745
8106,8747
8107,8748
8108,8749
8109,8750
8110,8751
8111,8752
8112,8753
8113,8754
8114,8755
8115,8756
8116,8757
8117,8758
8118,8759
8119,8760
8120,8761
8121,8762
8122,8763
8123,8764
8124,8765
8125,8766
8126,8767
8127,8768
8128,8769
8129,8770
8130,8772
8131,8773
8132,8774
8133,8775
8134,8776
8135,8777
8136,8778
8137,8779
8138,8780
8139,8781
8140,8782
8141,8783
8142,8784
8143,8785
8144,8786
8145,8787
8146,8788
8147,8789
8148,8790
8149,8791
8150,8792
8151,8793
8152,8794
8153,8795
8154,8796
8155,8797
8156,8798
8157,8799
8158,8800
8159,8801
8160,8802
8161,8804
8162,8805
8163,8806
8164,8810
8165,8811
8166,8812
8167,8813
8168,8814
8169,8815
8170,8816
8171,8817
8172,8818
8173,8819
8174,8820
8175,8821
8176,8823
8177,8824
8178,8825
8179,8826
8180,8827
8181,8828
8182,8829
8183,8830
8184,8831
8185,8832
8186,8833
8187,8834
8188,8835
8189,8836
8190,8837
8191,8838
8192,8839
8193,8842
8194,8843
8195,8844
8196,8845
8197,8846
8198,8847
8199,8848
8200,8849
8201,8850
8202,8851
8203,8852
8204,8853
8205,8854
8206,8855
8207,8856
8208,8857
8209,8858
8210,8859
8211,8860
8212,8861
8213,8862
8214,8863
8215,8864
8216,8865
8217,8866
8218,8867
8219,8868
8220,8869
